"","id","slug","avg","num","date"
"1",1,"airbnb/polyglot.js",5889,1,"2014-09-01 00:00:00"
"2",2,"airbnb/polyglot.js",4909,1,"2014-10-01 00:00:00"
"3",3,"airbnb/polyglot.js",8656.67,3,"2014-11-01 00:00:00"
"4",4,"airbnb/polyglot.js",11702,1,"2014-12-01 00:00:00"
"5",5,"airbnb/polyglot.js",4485,1,"2015-01-01 00:00:00"
"6",6,"airbnb/polyglot.js",4,1,"2015-02-01 00:00:00"
"7",7,"airbnb/polyglot.js",2822.25,4,"2015-03-01 00:00:00"
"8",8,"airbnb/polyglot.js",7591.5,2,"2015-04-01 00:00:00"
"9",9,"airbnb/polyglot.js",1,1,"2015-05-01 00:00:00"
"10",10,"airbnb/polyglot.js",3505,2,"2015-06-01 00:00:00"
"11",11,"airbnb/polyglot.js",NA,0,"2015-07-01 00:00:00"
"12",12,"airbnb/polyglot.js",6144.5,4,"2015-08-01 00:00:00"
"13",13,"airbnb/polyglot.js",1629.67,3,"2015-09-01 00:00:00"
"14",14,"airbnb/polyglot.js",11,2,"2015-10-01 00:00:00"
"15",15,"airbnb/polyglot.js",65,2,"2015-11-01 00:00:00"
"16",16,"airbnb/polyglot.js",1.5,2,"2015-12-01 00:00:00"
"17",17,"airbnb/polyglot.js",2209.33,3,"2016-01-01 00:00:00"
"18",18,"airbnb/polyglot.js",NA,0,"2016-02-01 00:00:00"
"19",19,"airbnb/polyglot.js",NA,0,"2016-03-01 00:00:00"
"20",20,"akiran/react-slick",3940.08,12,"2015-03-01 00:00:00"
"21",21,"akiran/react-slick",1209,3,"2015-04-01 00:00:00"
"22",22,"akiran/react-slick",1368.2,20,"2015-05-01 00:00:00"
"23",23,"akiran/react-slick",354.385,13,"2015-06-01 00:00:00"
"24",24,"akiran/react-slick",2232,10,"2015-07-01 00:00:00"
"25",25,"akiran/react-slick",1729.18,17,"2015-08-01 00:00:00"
"26",26,"akiran/react-slick",2196.22,18,"2015-09-01 00:00:00"
"27",27,"akiran/react-slick",1788.96,28,"2015-10-01 00:00:00"
"28",28,"akiran/react-slick",1546.07,15,"2015-11-01 00:00:00"
"29",29,"akiran/react-slick",926.737,19,"2015-12-01 00:00:00"
"30",30,"akiran/react-slick",719.235,17,"2016-01-01 00:00:00"
"31",31,"akiran/react-slick",805.6,20,"2016-02-01 00:00:00"
"32",32,"akiran/react-slick",1627.83,12,"2016-03-01 00:00:00"
"33",33,"akiran/react-slick",1525.63,27,"2016-04-01 00:00:00"
"34",34,"akiran/react-slick",945.538,13,"2016-05-01 00:00:00"
"35",35,"akiran/react-slick",1237.52,21,"2016-06-01 00:00:00"
"36",36,"akiran/react-slick",496.5,32,"2016-07-01 00:00:00"
"37",37,"akiran/react-slick",114.113,62,"2016-08-01 00:00:00"
"38",38,"akiran/react-slick",338.457,46,"2016-09-01 00:00:00"
"39",39,"angular-fullstack/generator-angular-fullstack",4042.58,57,"2014-09-01 00:00:00"
"40",40,"angular-fullstack/generator-angular-fullstack",2833.89,64,"2014-10-01 00:00:00"
"41",41,"angular-fullstack/generator-angular-fullstack",2746.87,46,"2014-11-01 00:00:00"
"42",42,"angular-fullstack/generator-angular-fullstack",3711,33,"2014-12-01 00:00:00"
"43",43,"angular-fullstack/generator-angular-fullstack",5450.96,46,"2015-01-01 00:00:00"
"44",44,"angular-fullstack/generator-angular-fullstack",2648.88,42,"2015-02-01 00:00:00"
"45",45,"angular-fullstack/generator-angular-fullstack",2471.36,53,"2015-03-01 00:00:00"
"46",46,"angular-fullstack/generator-angular-fullstack",1740.58,45,"2015-04-01 00:00:00"
"47",47,"angular-fullstack/generator-angular-fullstack",2148.9,21,"2015-05-01 00:00:00"
"48",48,"angular-fullstack/generator-angular-fullstack",1167.38,50,"2015-06-01 00:00:00"
"49",49,"angular-fullstack/generator-angular-fullstack",745.798,84,"2015-07-01 00:00:00"
"50",50,"angular-fullstack/generator-angular-fullstack",887.135,111,"2015-08-01 00:00:00"
"51",51,"angular-fullstack/generator-angular-fullstack",453.261,111,"2015-09-01 00:00:00"
"52",52,"angular-fullstack/generator-angular-fullstack",1108.77,52,"2015-10-01 00:00:00"
"53",53,"angular-fullstack/generator-angular-fullstack",579.96,50,"2015-11-01 00:00:00"
"54",54,"angular-fullstack/generator-angular-fullstack",743.486,72,"2015-12-01 00:00:00"
"55",55,"angular-fullstack/generator-angular-fullstack",839.169,65,"2016-01-01 00:00:00"
"56",56,"angular-fullstack/generator-angular-fullstack",569.117,77,"2016-02-01 00:00:00"
"57",57,"angular-fullstack/generator-angular-fullstack",306.269,78,"2016-03-01 00:00:00"
"58",58,"angular-slider/angularjs-slider",2430,1,"2015-02-01 00:00:00"
"59",59,"angular-slider/angularjs-slider",702.667,3,"2015-03-01 00:00:00"
"60",60,"angular-slider/angularjs-slider",762,1,"2015-04-01 00:00:00"
"61",61,"angular-slider/angularjs-slider",463.95,20,"2015-05-01 00:00:00"
"62",62,"angular-slider/angularjs-slider",1300.08,13,"2015-06-01 00:00:00"
"63",63,"angular-slider/angularjs-slider",584.7,20,"2015-07-01 00:00:00"
"64",64,"angular-slider/angularjs-slider",437.538,13,"2015-08-01 00:00:00"
"65",65,"angular-slider/angularjs-slider",479.16,25,"2015-09-01 00:00:00"
"66",66,"angular-slider/angularjs-slider",258.621,29,"2015-10-01 00:00:00"
"67",67,"angular-slider/angularjs-slider",165.292,24,"2015-11-01 00:00:00"
"68",68,"angular-slider/angularjs-slider",71.1154,26,"2015-12-01 00:00:00"
"69",69,"angular-slider/angularjs-slider",140.478,23,"2016-01-01 00:00:00"
"70",70,"angular-slider/angularjs-slider",373.698,43,"2016-02-01 00:00:00"
"71",71,"angular-slider/angularjs-slider",182.833,24,"2016-03-01 00:00:00"
"72",72,"angular-slider/angularjs-slider",512.562,16,"2016-04-01 00:00:00"
"73",73,"angular-slider/angularjs-slider",151.6,15,"2016-05-01 00:00:00"
"74",74,"angular-slider/angularjs-slider",330.04,25,"2016-06-01 00:00:00"
"75",75,"angular-slider/angularjs-slider",91,18,"2016-07-01 00:00:00"
"76",76,"angular-slider/angularjs-slider",385.414,29,"2016-08-01 00:00:00"
"77",77,"angular/protractor",NA,0,"2013-04-01 00:00:00"
"78",78,"angular/protractor",NA,0,"2013-05-01 00:00:00"
"79",79,"angular/protractor",2677,2,"2013-06-01 00:00:00"
"80",80,"angular/protractor",718.5,4,"2013-07-01 00:00:00"
"81",81,"angular/protractor",4549,7,"2013-08-01 00:00:00"
"82",82,"angular/protractor",3539.13,15,"2013-09-01 00:00:00"
"83",83,"angular/protractor",2397.95,20,"2013-10-01 00:00:00"
"84",84,"angular/protractor",1333.22,9,"2013-11-01 00:00:00"
"85",85,"angular/protractor",6080.17,12,"2013-12-01 00:00:00"
"86",86,"angular/protractor",5708.38,8,"2014-01-01 00:00:00"
"87",87,"angular/protractor",6609.33,12,"2014-02-01 00:00:00"
"88",88,"angular/protractor",3907.38,24,"2014-03-01 00:00:00"
"89",89,"angular/protractor",2410.62,24,"2014-04-01 00:00:00"
"90",90,"angular/protractor",5160.56,18,"2014-05-01 00:00:00"
"91",91,"angular/protractor",2301.35,31,"2014-06-01 00:00:00"
"92",92,"angular/protractor",6092.54,35,"2014-07-01 00:00:00"
"93",93,"angular/protractor",6053.48,27,"2014-08-01 00:00:00"
"94",94,"angular/protractor",2653.95,19,"2014-09-01 00:00:00"
"95",95,"angular/protractor",3234.62,13,"2014-10-01 00:00:00"
"96",96,"angulartics/angulartics",6243.5,8,"2014-10-01 00:00:00"
"97",97,"angulartics/angulartics",5609.58,12,"2014-11-01 00:00:00"
"98",98,"angulartics/angulartics",2481.8,5,"2014-12-01 00:00:00"
"99",99,"angulartics/angulartics",4458.07,15,"2015-01-01 00:00:00"
"100",100,"angulartics/angulartics",2315.92,12,"2015-02-01 00:00:00"
"101",101,"angulartics/angulartics",1780.09,22,"2015-03-01 00:00:00"
"102",102,"angulartics/angulartics",1150.35,20,"2015-04-01 00:00:00"
"103",103,"angulartics/angulartics",1152.4,5,"2015-05-01 00:00:00"
"104",104,"angulartics/angulartics",594.188,16,"2015-06-01 00:00:00"
"105",105,"angulartics/angulartics",1318.21,14,"2015-07-01 00:00:00"
"106",106,"angulartics/angulartics",1440.5,6,"2015-08-01 00:00:00"
"107",107,"angulartics/angulartics",1031.81,16,"2015-09-01 00:00:00"
"108",108,"angulartics/angulartics",1831.44,9,"2015-10-01 00:00:00"
"109",109,"angulartics/angulartics",671.667,3,"2015-11-01 00:00:00"
"110",110,"angulartics/angulartics",824.222,9,"2015-12-01 00:00:00"
"111",111,"angulartics/angulartics",903.5,6,"2016-01-01 00:00:00"
"112",112,"angulartics/angulartics",2468,2,"2016-02-01 00:00:00"
"113",113,"angulartics/angulartics",363.333,3,"2016-03-01 00:00:00"
"114",114,"angulartics/angulartics",979,6,"2016-04-01 00:00:00"
"115",115,"apidoc/apidoc",389,1,"2013-10-01 00:00:00"
"116",116,"apidoc/apidoc",8,1,"2013-11-01 00:00:00"
"117",117,"apidoc/apidoc",657,2,"2013-12-01 00:00:00"
"118",118,"apidoc/apidoc",1145,2,"2014-01-01 00:00:00"
"119",119,"apidoc/apidoc",2483,5,"2014-02-01 00:00:00"
"120",120,"apidoc/apidoc",1526.33,6,"2014-03-01 00:00:00"
"121",121,"apidoc/apidoc",1047.8,5,"2014-04-01 00:00:00"
"122",122,"apidoc/apidoc",824.429,7,"2014-05-01 00:00:00"
"123",123,"apidoc/apidoc",328.062,16,"2014-06-01 00:00:00"
"124",124,"apidoc/apidoc",348.143,14,"2014-07-01 00:00:00"
"125",125,"apidoc/apidoc",333.88,25,"2014-08-01 00:00:00"
"126",126,"apidoc/apidoc",402.222,9,"2014-09-01 00:00:00"
"127",127,"apidoc/apidoc",461.526,19,"2014-10-01 00:00:00"
"128",128,"apidoc/apidoc",323.231,26,"2014-11-01 00:00:00"
"129",129,"apidoc/apidoc",236,11,"2014-12-01 00:00:00"
"130",130,"apidoc/apidoc",2383,15,"2015-01-01 00:00:00"
"131",131,"apidoc/apidoc",923.167,6,"2015-02-01 00:00:00"
"132",132,"apidoc/apidoc",2047.35,17,"2015-03-01 00:00:00"
"133",133,"apidoc/apidoc",378.933,15,"2015-04-01 00:00:00"
"134",134,"aurelia/validation",447.4,15,"2015-05-01 00:00:00"
"135",135,"aurelia/validation",1643,16,"2015-06-01 00:00:00"
"136",136,"aurelia/validation",1990.71,14,"2015-07-01 00:00:00"
"137",137,"aurelia/validation",1960.25,40,"2015-08-01 00:00:00"
"138",138,"aurelia/validation",1653.55,22,"2015-09-01 00:00:00"
"139",139,"aurelia/validation",2009.14,22,"2015-10-01 00:00:00"
"140",140,"aurelia/validation",2277.73,15,"2015-11-01 00:00:00"
"141",141,"aurelia/validation",967.444,9,"2015-12-01 00:00:00"
"142",142,"aurelia/validation",1859.19,16,"2016-01-01 00:00:00"
"143",143,"aurelia/validation",738.5,6,"2016-02-01 00:00:00"
"144",144,"aurelia/validation",594.769,13,"2016-03-01 00:00:00"
"145",145,"aurelia/validation",323.167,6,"2016-04-01 00:00:00"
"146",146,"aurelia/validation",507.333,9,"2016-05-01 00:00:00"
"147",147,"aurelia/validation",485.136,22,"2016-06-01 00:00:00"
"148",148,"aurelia/validation",324.333,6,"2016-07-01 00:00:00"
"149",149,"aurelia/validation",515.208,24,"2016-08-01 00:00:00"
"150",150,"aurelia/validation",490.56,50,"2016-09-01 00:00:00"
"151",151,"aurelia/validation",817.885,26,"2016-10-01 00:00:00"
"152",152,"aurelia/validation",759.444,9,"2016-11-01 00:00:00"
"153",153,"Automattic/kue",NA,0,"2013-05-01 00:00:00"
"154",154,"Automattic/kue",NA,0,"2013-06-01 00:00:00"
"155",155,"Automattic/kue",5915.33,3,"2013-07-01 00:00:00"
"156",156,"Automattic/kue",4073,1,"2013-08-01 00:00:00"
"157",157,"Automattic/kue",3218,1,"2013-09-01 00:00:00"
"158",158,"Automattic/kue",1807.67,6,"2013-10-01 00:00:00"
"159",159,"Automattic/kue",599.667,3,"2013-11-01 00:00:00"
"160",160,"Automattic/kue",783,2,"2013-12-01 00:00:00"
"161",161,"Automattic/kue",35,1,"2014-01-01 00:00:00"
"162",162,"Automattic/kue",4098,3,"2014-02-01 00:00:00"
"163",163,"Automattic/kue",NA,0,"2014-03-01 00:00:00"
"164",164,"Automattic/kue",5631.67,3,"2014-04-01 00:00:00"
"165",165,"Automattic/kue",5047,3,"2014-05-01 00:00:00"
"166",166,"Automattic/kue",6519,1,"2014-06-01 00:00:00"
"167",167,"Automattic/kue",1068.67,6,"2014-07-01 00:00:00"
"168",168,"Automattic/kue",4234.71,7,"2014-08-01 00:00:00"
"169",169,"Automattic/kue",3366.13,15,"2014-09-01 00:00:00"
"170",170,"Automattic/kue",4446.9,10,"2014-10-01 00:00:00"
"171",171,"Automattic/kue",2196.67,3,"2014-11-01 00:00:00"
"172",172,"Automattic/mongoose",8455,4,"2012-07-01 00:00:00"
"173",173,"Automattic/mongoose",33228.2,4,"2012-08-01 00:00:00"
"174",174,"Automattic/mongoose",3,2,"2012-09-01 00:00:00"
"175",175,"Automattic/mongoose",10613.3,3,"2012-10-01 00:00:00"
"176",176,"Automattic/mongoose",22843,1,"2012-11-01 00:00:00"
"177",177,"Automattic/mongoose",11,2,"2012-12-01 00:00:00"
"178",178,"Automattic/mongoose",NA,0,"2013-01-01 00:00:00"
"179",179,"Automattic/mongoose",25495.5,4,"2013-02-01 00:00:00"
"180",180,"Automattic/mongoose",189.75,4,"2013-03-01 00:00:00"
"181",181,"Automattic/mongoose",5000.5,2,"2013-04-01 00:00:00"
"182",182,"Automattic/mongoose",11945.5,2,"2013-05-01 00:00:00"
"183",183,"Automattic/mongoose",12729.8,4,"2013-06-01 00:00:00"
"184",184,"Automattic/mongoose",5650.75,4,"2013-07-01 00:00:00"
"185",185,"Automattic/mongoose",19128.5,6,"2013-08-01 00:00:00"
"186",186,"Automattic/mongoose",11192.3,7,"2013-09-01 00:00:00"
"187",187,"Automattic/mongoose",20779.7,15,"2013-10-01 00:00:00"
"188",188,"Automattic/mongoose",23108.3,6,"2013-11-01 00:00:00"
"189",189,"Automattic/mongoose",22139.9,9,"2013-12-01 00:00:00"
"190",190,"Automattic/mongoose",15382.5,13,"2014-01-01 00:00:00"
"191",191,"caolan/async",12,1,"2013-06-01 00:00:00"
"192",192,"caolan/async",10347.3,3,"2013-07-01 00:00:00"
"193",193,"caolan/async",17274,1,"2013-08-01 00:00:00"
"194",194,"caolan/async",4861.5,2,"2013-09-01 00:00:00"
"195",195,"caolan/async",3780,1,"2013-10-01 00:00:00"
"196",196,"caolan/async",66,1,"2013-11-01 00:00:00"
"197",197,"caolan/async",2759,1,"2013-12-01 00:00:00"
"198",198,"caolan/async",1935,1,"2014-01-01 00:00:00"
"199",199,"caolan/async",NA,0,"2014-02-01 00:00:00"
"200",200,"caolan/async",2683.25,4,"2014-03-01 00:00:00"
"201",201,"caolan/async",8842.38,8,"2014-04-01 00:00:00"
"202",202,"caolan/async",8703.43,7,"2014-05-01 00:00:00"
"203",203,"caolan/async",7902.23,22,"2014-06-01 00:00:00"
"204",204,"caolan/async",8790.56,16,"2014-07-01 00:00:00"
"205",205,"caolan/async",7278.94,16,"2014-08-01 00:00:00"
"206",206,"caolan/async",6008.48,21,"2014-09-01 00:00:00"
"207",207,"caolan/async",3389.94,16,"2014-10-01 00:00:00"
"208",208,"caolan/async",3226.68,19,"2014-11-01 00:00:00"
"209",209,"caolan/async",3756.39,18,"2014-12-01 00:00:00"
"210",210,"cssinjs/react-jss",NA,0,"2015-10-01 00:00:00"
"211",211,"cssinjs/react-jss",2511.67,3,"2015-11-01 00:00:00"
"212",212,"cssinjs/react-jss",4042,2,"2015-12-01 00:00:00"
"213",213,"cssinjs/react-jss",3599,3,"2016-01-01 00:00:00"
"214",214,"cssinjs/react-jss",4435,3,"2016-02-01 00:00:00"
"215",215,"cssinjs/react-jss",10,1,"2016-03-01 00:00:00"
"216",216,"cssinjs/react-jss",105,3,"2016-04-01 00:00:00"
"217",217,"cssinjs/react-jss",3004,1,"2016-05-01 00:00:00"
"218",218,"cssinjs/react-jss",2.66667,3,"2016-06-01 00:00:00"
"219",219,"cssinjs/react-jss",393.6,5,"2016-07-01 00:00:00"
"220",220,"cssinjs/react-jss",3,1,"2016-08-01 00:00:00"
"221",221,"cssinjs/react-jss",1066.67,3,"2016-09-01 00:00:00"
"222",222,"cssinjs/react-jss",671,2,"2016-10-01 00:00:00"
"223",223,"cssinjs/react-jss",400,7,"2016-11-01 00:00:00"
"224",224,"cssinjs/react-jss",133.714,7,"2016-12-01 00:00:00"
"225",225,"cssinjs/react-jss",18.5,2,"2017-01-01 00:00:00"
"226",226,"cssinjs/react-jss",499,2,"2017-02-01 00:00:00"
"227",227,"cssinjs/react-jss",389.769,13,"2017-03-01 00:00:00"
"228",228,"cssinjs/react-jss",56.6,5,"2017-04-01 00:00:00"
"229",229,"Dash-Industry-Forum/dash.js",10155.2,4,"2015-01-01 00:00:00"
"230",230,"Dash-Industry-Forum/dash.js",7025.2,5,"2015-02-01 00:00:00"
"231",231,"Dash-Industry-Forum/dash.js",7518.8,10,"2015-03-01 00:00:00"
"232",232,"Dash-Industry-Forum/dash.js",7865.7,10,"2015-04-01 00:00:00"
"233",233,"Dash-Industry-Forum/dash.js",6521.11,9,"2015-05-01 00:00:00"
"234",234,"Dash-Industry-Forum/dash.js",6254.5,6,"2015-06-01 00:00:00"
"235",235,"Dash-Industry-Forum/dash.js",4189.6,15,"2015-07-01 00:00:00"
"236",236,"Dash-Industry-Forum/dash.js",4882.27,11,"2015-08-01 00:00:00"
"237",237,"Dash-Industry-Forum/dash.js",4440.92,24,"2015-09-01 00:00:00"
"238",238,"Dash-Industry-Forum/dash.js",3605.36,22,"2015-10-01 00:00:00"
"239",239,"Dash-Industry-Forum/dash.js",2763.77,31,"2015-11-01 00:00:00"
"240",240,"Dash-Industry-Forum/dash.js",1540.29,59,"2015-12-01 00:00:00"
"241",241,"Dash-Industry-Forum/dash.js",622.862,123,"2016-01-01 00:00:00"
"242",242,"Dash-Industry-Forum/dash.js",439.319,116,"2016-02-01 00:00:00"
"243",243,"Dash-Industry-Forum/dash.js",1114.58,65,"2016-03-01 00:00:00"
"244",244,"Dash-Industry-Forum/dash.js",1135.96,70,"2016-04-01 00:00:00"
"245",245,"Dash-Industry-Forum/dash.js",1183.57,44,"2016-05-01 00:00:00"
"246",246,"Dash-Industry-Forum/dash.js",361.417,36,"2016-06-01 00:00:00"
"247",247,"Dash-Industry-Forum/dash.js",317.811,37,"2016-07-01 00:00:00"
"248",248,"datproject/dat",5309.83,6,"2015-03-01 00:00:00"
"249",249,"datproject/dat",2871.6,15,"2015-04-01 00:00:00"
"250",250,"datproject/dat",1674.62,13,"2015-05-01 00:00:00"
"251",251,"datproject/dat",961.897,29,"2015-06-01 00:00:00"
"252",252,"datproject/dat",1794.62,16,"2015-07-01 00:00:00"
"253",253,"datproject/dat",1602.2,25,"2015-08-01 00:00:00"
"254",254,"datproject/dat",1289.16,19,"2015-09-01 00:00:00"
"255",255,"datproject/dat",650.75,4,"2015-10-01 00:00:00"
"256",256,"datproject/dat",951.125,8,"2015-11-01 00:00:00"
"257",257,"datproject/dat",552.6,5,"2015-12-01 00:00:00"
"258",258,"datproject/dat",122.125,8,"2016-01-01 00:00:00"
"259",259,"datproject/dat",485.65,20,"2016-02-01 00:00:00"
"260",260,"datproject/dat",696.353,17,"2016-03-01 00:00:00"
"261",261,"datproject/dat",979.2,5,"2016-04-01 00:00:00"
"262",262,"datproject/dat",49,1,"2016-05-01 00:00:00"
"263",263,"datproject/dat",186,19,"2016-06-01 00:00:00"
"264",264,"datproject/dat",470,6,"2016-07-01 00:00:00"
"265",265,"datproject/dat",744.429,7,"2016-08-01 00:00:00"
"266",266,"datproject/dat",866.929,28,"2016-09-01 00:00:00"
"267",267,"db-migrate/node-db-migrate",7952.75,4,"2014-05-01 00:00:00"
"268",268,"db-migrate/node-db-migrate",4513.2,5,"2014-06-01 00:00:00"
"269",269,"db-migrate/node-db-migrate",12596.5,2,"2014-07-01 00:00:00"
"270",270,"db-migrate/node-db-migrate",5658.4,5,"2014-08-01 00:00:00"
"271",271,"db-migrate/node-db-migrate",3675.5,2,"2014-09-01 00:00:00"
"272",272,"db-migrate/node-db-migrate",2906,1,"2014-10-01 00:00:00"
"273",273,"db-migrate/node-db-migrate",2241,2,"2014-11-01 00:00:00"
"274",274,"db-migrate/node-db-migrate",978.667,3,"2014-12-01 00:00:00"
"275",275,"db-migrate/node-db-migrate",391.333,3,"2015-01-01 00:00:00"
"276",276,"db-migrate/node-db-migrate",1588.68,28,"2015-02-01 00:00:00"
"277",277,"db-migrate/node-db-migrate",335.692,13,"2015-03-01 00:00:00"
"278",278,"db-migrate/node-db-migrate",2529.91,11,"2015-04-01 00:00:00"
"279",279,"db-migrate/node-db-migrate",1841.71,7,"2015-05-01 00:00:00"
"280",280,"db-migrate/node-db-migrate",153.286,7,"2015-06-01 00:00:00"
"281",281,"db-migrate/node-db-migrate",2205.4,5,"2015-07-01 00:00:00"
"282",282,"db-migrate/node-db-migrate",1662.82,11,"2015-08-01 00:00:00"
"283",283,"db-migrate/node-db-migrate",2803,9,"2015-09-01 00:00:00"
"284",284,"db-migrate/node-db-migrate",2806.83,6,"2015-10-01 00:00:00"
"285",285,"db-migrate/node-db-migrate",36.3333,6,"2015-11-01 00:00:00"
"286",286,"dbashford/mimosa",11189,1,"2012-11-01 00:00:00"
"287",287,"dbashford/mimosa",8365,1,"2012-12-01 00:00:00"
"288",288,"dbashford/mimosa",4421.67,3,"2013-01-01 00:00:00"
"289",289,"dbashford/mimosa",6661.5,2,"2013-02-01 00:00:00"
"290",290,"dbashford/mimosa",6802.25,4,"2013-03-01 00:00:00"
"291",291,"dbashford/mimosa",373,7,"2013-04-01 00:00:00"
"292",292,"dbashford/mimosa",2911.6,10,"2013-05-01 00:00:00"
"293",293,"dbashford/mimosa",68.75,28,"2013-06-01 00:00:00"
"294",294,"dbashford/mimosa",278.238,21,"2013-07-01 00:00:00"
"295",295,"dbashford/mimosa",594.077,26,"2013-08-01 00:00:00"
"296",296,"dbashford/mimosa",324.231,13,"2013-09-01 00:00:00"
"297",297,"dbashford/mimosa",239.368,19,"2013-10-01 00:00:00"
"298",298,"dbashford/mimosa",230.625,8,"2013-11-01 00:00:00"
"299",299,"dbashford/mimosa",97.2857,21,"2013-12-01 00:00:00"
"300",300,"dbashford/mimosa",142.824,17,"2014-01-01 00:00:00"
"301",301,"dbashford/mimosa",160.625,16,"2014-02-01 00:00:00"
"302",302,"dbashford/mimosa",100.778,9,"2014-03-01 00:00:00"
"303",303,"dbashford/mimosa",404.667,3,"2014-04-01 00:00:00"
"304",304,"dbashford/mimosa",38.25,4,"2014-05-01 00:00:00"
"305",305,"EmergingTechnologyAdvisors/node-serialport",6385,4,"2013-01-01 00:00:00"
"306",306,"EmergingTechnologyAdvisors/node-serialport",2726,3,"2013-02-01 00:00:00"
"307",307,"EmergingTechnologyAdvisors/node-serialport",2143.3,10,"2013-03-01 00:00:00"
"308",308,"EmergingTechnologyAdvisors/node-serialport",2428,3,"2013-04-01 00:00:00"
"309",309,"EmergingTechnologyAdvisors/node-serialport",1701.67,3,"2013-05-01 00:00:00"
"310",310,"EmergingTechnologyAdvisors/node-serialport",4203.5,6,"2013-06-01 00:00:00"
"311",311,"EmergingTechnologyAdvisors/node-serialport",1677.14,7,"2013-07-01 00:00:00"
"312",312,"EmergingTechnologyAdvisors/node-serialport",2950.29,7,"2013-08-01 00:00:00"
"313",313,"EmergingTechnologyAdvisors/node-serialport",762.222,9,"2013-09-01 00:00:00"
"314",314,"EmergingTechnologyAdvisors/node-serialport",840.083,24,"2013-10-01 00:00:00"
"315",315,"EmergingTechnologyAdvisors/node-serialport",3870,23,"2013-11-01 00:00:00"
"316",316,"EmergingTechnologyAdvisors/node-serialport",2971.3,20,"2013-12-01 00:00:00"
"317",317,"EmergingTechnologyAdvisors/node-serialport",3193.86,14,"2014-01-01 00:00:00"
"318",318,"EmergingTechnologyAdvisors/node-serialport",3127.4,5,"2014-02-01 00:00:00"
"319",319,"EmergingTechnologyAdvisors/node-serialport",7681.3,10,"2014-03-01 00:00:00"
"320",320,"EmergingTechnologyAdvisors/node-serialport",1985.17,12,"2014-04-01 00:00:00"
"321",321,"EmergingTechnologyAdvisors/node-serialport",9164.67,9,"2014-05-01 00:00:00"
"322",322,"EmergingTechnologyAdvisors/node-serialport",5435.07,14,"2014-06-01 00:00:00"
"323",323,"EmergingTechnologyAdvisors/node-serialport",3121.86,14,"2014-07-01 00:00:00"
"324",324,"fantasyland/fantasy-land",1,2,"2015-05-01 00:00:00"
"325",325,"fantasyland/fantasy-land",6118.5,2,"2015-06-01 00:00:00"
"326",326,"fantasyland/fantasy-land",822.143,7,"2015-07-01 00:00:00"
"327",327,"fantasyland/fantasy-land",3195.2,5,"2015-08-01 00:00:00"
"328",328,"fantasyland/fantasy-land",38.25,4,"2015-09-01 00:00:00"
"329",329,"fantasyland/fantasy-land",184.667,3,"2015-10-01 00:00:00"
"330",330,"fantasyland/fantasy-land",5118,2,"2015-11-01 00:00:00"
"331",331,"fantasyland/fantasy-land",NA,0,"2015-12-01 00:00:00"
"332",332,"fantasyland/fantasy-land",1461.43,7,"2016-01-01 00:00:00"
"333",333,"fantasyland/fantasy-land",10.5,2,"2016-02-01 00:00:00"
"334",334,"fantasyland/fantasy-land",1663.2,5,"2016-03-01 00:00:00"
"335",335,"fantasyland/fantasy-land",2062.25,4,"2016-04-01 00:00:00"
"336",336,"fantasyland/fantasy-land",2243.6,5,"2016-05-01 00:00:00"
"337",337,"fantasyland/fantasy-land",125,2,"2016-06-01 00:00:00"
"338",338,"fantasyland/fantasy-land",403,3,"2016-07-01 00:00:00"
"339",339,"fantasyland/fantasy-land",966,6,"2016-08-01 00:00:00"
"340",340,"fantasyland/fantasy-land",136.783,23,"2016-09-01 00:00:00"
"341",341,"fantasyland/fantasy-land",120.706,17,"2016-10-01 00:00:00"
"342",342,"fantasyland/fantasy-land",113.8,5,"2016-11-01 00:00:00"
"343",343,"filamentgroup/grunticon",3172,1,"2012-10-01 00:00:00"
"344",344,"filamentgroup/grunticon",NA,0,"2012-11-01 00:00:00"
"345",345,"filamentgroup/grunticon",3006,1,"2012-12-01 00:00:00"
"346",346,"filamentgroup/grunticon",NA,0,"2013-01-01 00:00:00"
"347",347,"filamentgroup/grunticon",7359,2,"2013-02-01 00:00:00"
"348",348,"filamentgroup/grunticon",1408.67,3,"2013-03-01 00:00:00"
"349",349,"filamentgroup/grunticon",109,2,"2013-04-01 00:00:00"
"350",350,"filamentgroup/grunticon",9846,1,"2013-05-01 00:00:00"
"351",351,"filamentgroup/grunticon",9905,3,"2013-06-01 00:00:00"
"352",352,"filamentgroup/grunticon",489.667,3,"2013-07-01 00:00:00"
"353",353,"filamentgroup/grunticon",41.6667,3,"2013-08-01 00:00:00"
"354",354,"filamentgroup/grunticon",1586,3,"2013-09-01 00:00:00"
"355",355,"filamentgroup/grunticon",1052.33,3,"2013-10-01 00:00:00"
"356",356,"filamentgroup/grunticon",NA,0,"2013-11-01 00:00:00"
"357",357,"filamentgroup/grunticon",592,1,"2013-12-01 00:00:00"
"358",358,"filamentgroup/grunticon",3701,5,"2014-01-01 00:00:00"
"359",359,"filamentgroup/grunticon",2807.33,6,"2014-02-01 00:00:00"
"360",360,"filamentgroup/grunticon",5719.78,9,"2014-03-01 00:00:00"
"361",361,"filamentgroup/grunticon",56,2,"2014-04-01 00:00:00"
"362",362,"formio/formio",74,17,"2015-10-01 00:00:00"
"363",363,"formio/formio",61.8333,6,"2015-11-01 00:00:00"
"364",364,"formio/formio",38.1538,13,"2015-12-01 00:00:00"
"365",365,"formio/formio",45.5333,15,"2016-01-01 00:00:00"
"366",366,"formio/formio",647.9,10,"2016-02-01 00:00:00"
"367",367,"formio/formio",156.176,17,"2016-03-01 00:00:00"
"368",368,"formio/formio",2.875,8,"2016-04-01 00:00:00"
"369",369,"formio/formio",107.789,19,"2016-05-01 00:00:00"
"370",370,"formio/formio",204.172,29,"2016-06-01 00:00:00"
"371",371,"formio/formio",489.9,10,"2016-07-01 00:00:00"
"372",372,"formio/formio",250.688,16,"2016-08-01 00:00:00"
"373",373,"formio/formio",119.957,23,"2016-09-01 00:00:00"
"374",374,"formio/formio",123.5,14,"2016-10-01 00:00:00"
"375",375,"formio/formio",130.8,15,"2016-11-01 00:00:00"
"376",376,"formio/formio",128.955,22,"2016-12-01 00:00:00"
"377",377,"formio/formio",133.667,30,"2017-01-01 00:00:00"
"378",378,"formio/formio",110.267,15,"2017-02-01 00:00:00"
"379",379,"formio/formio",152,16,"2017-03-01 00:00:00"
"380",380,"formio/formio",48.4483,29,"2017-04-01 00:00:00"
"381",381,"gautamsi/ews-javascript-api",3606.5,2,"2015-10-01 00:00:00"
"382",382,"gautamsi/ews-javascript-api",NA,0,"2015-11-01 00:00:00"
"383",383,"gautamsi/ews-javascript-api",NA,0,"2015-12-01 00:00:00"
"384",384,"gautamsi/ews-javascript-api",NA,0,"2016-01-01 00:00:00"
"385",385,"gautamsi/ews-javascript-api",1625.4,5,"2016-02-01 00:00:00"
"386",386,"gautamsi/ews-javascript-api",105.444,9,"2016-03-01 00:00:00"
"387",387,"gautamsi/ews-javascript-api",610.857,7,"2016-04-01 00:00:00"
"388",388,"gautamsi/ews-javascript-api",972.536,28,"2016-05-01 00:00:00"
"389",389,"gautamsi/ews-javascript-api",2453.56,9,"2016-06-01 00:00:00"
"390",390,"gautamsi/ews-javascript-api",1122.12,8,"2016-07-01 00:00:00"
"391",391,"gautamsi/ews-javascript-api",373.222,9,"2016-08-01 00:00:00"
"392",392,"gautamsi/ews-javascript-api",1156,14,"2016-09-01 00:00:00"
"393",393,"gautamsi/ews-javascript-api",1741.67,6,"2016-10-01 00:00:00"
"394",394,"gautamsi/ews-javascript-api",1491.85,20,"2016-11-01 00:00:00"
"395",395,"gautamsi/ews-javascript-api",2076.5,8,"2016-12-01 00:00:00"
"396",396,"gautamsi/ews-javascript-api",120.25,4,"2017-01-01 00:00:00"
"397",397,"gautamsi/ews-javascript-api",1006,7,"2017-02-01 00:00:00"
"398",398,"gautamsi/ews-javascript-api",691.556,9,"2017-03-01 00:00:00"
"399",399,"gautamsi/ews-javascript-api",1363.67,3,"2017-04-01 00:00:00"
"400",400,"gcanti/tcomb",3179,3,"2014-08-01 00:00:00"
"401",401,"gcanti/tcomb",2621,1,"2014-09-01 00:00:00"
"402",402,"gcanti/tcomb",2291.5,2,"2014-10-01 00:00:00"
"403",403,"gcanti/tcomb",212.667,3,"2014-11-01 00:00:00"
"404",404,"gcanti/tcomb",1010.85,13,"2014-12-01 00:00:00"
"405",405,"gcanti/tcomb",969.333,3,"2015-01-01 00:00:00"
"406",406,"gcanti/tcomb",1905,2,"2015-02-01 00:00:00"
"407",407,"gcanti/tcomb",0,1,"2015-03-01 00:00:00"
"408",408,"gcanti/tcomb",1304.67,3,"2015-04-01 00:00:00"
"409",409,"gcanti/tcomb",258.167,12,"2015-05-01 00:00:00"
"410",410,"gcanti/tcomb",1186.75,4,"2015-06-01 00:00:00"
"411",411,"gcanti/tcomb",367,6,"2015-07-01 00:00:00"
"412",412,"gcanti/tcomb",218.471,17,"2015-08-01 00:00:00"
"413",413,"gcanti/tcomb",358.333,18,"2015-09-01 00:00:00"
"414",414,"gcanti/tcomb",49.4,5,"2015-10-01 00:00:00"
"415",415,"gcanti/tcomb",177,1,"2015-11-01 00:00:00"
"416",416,"gcanti/tcomb",1055,5,"2015-12-01 00:00:00"
"417",417,"gcanti/tcomb",322.538,13,"2016-01-01 00:00:00"
"418",418,"gcanti/tcomb",349.375,8,"2016-02-01 00:00:00"
"419",419,"google/material-design-lite",522.921,139,"2015-10-01 00:00:00"
"420",420,"google/material-design-lite",371.03,66,"2015-11-01 00:00:00"
"421",421,"google/material-design-lite",474.758,66,"2015-12-01 00:00:00"
"422",422,"google/material-design-lite",504.623,77,"2016-01-01 00:00:00"
"423",423,"google/material-design-lite",317.736,87,"2016-02-01 00:00:00"
"424",424,"google/material-design-lite",1234.53,51,"2016-03-01 00:00:00"
"425",425,"google/material-design-lite",1057.54,70,"2016-04-01 00:00:00"
"426",426,"google/material-design-lite",336.214,56,"2016-05-01 00:00:00"
"427",427,"google/material-design-lite",1656.9,103,"2016-06-01 00:00:00"
"428",428,"google/material-design-lite",301.842,101,"2016-07-01 00:00:00"
"429",429,"google/material-design-lite",202.453,86,"2016-08-01 00:00:00"
"430",430,"google/material-design-lite",256.075,93,"2016-09-01 00:00:00"
"431",431,"google/material-design-lite",353.667,66,"2016-10-01 00:00:00"
"432",432,"google/material-design-lite",368.191,47,"2016-11-01 00:00:00"
"433",433,"google/material-design-lite",95.6341,41,"2016-12-01 00:00:00"
"434",434,"google/material-design-lite",877.8,15,"2017-01-01 00:00:00"
"435",435,"google/material-design-lite",1130.42,12,"2017-02-01 00:00:00"
"436",436,"google/material-design-lite",1102.83,24,"2017-03-01 00:00:00"
"437",437,"google/material-design-lite",1266.89,18,"2017-04-01 00:00:00"
"438",438,"grevory/angular-local-storage",351,2,"2013-05-01 00:00:00"
"439",439,"grevory/angular-local-storage",49.6667,3,"2013-06-01 00:00:00"
"440",440,"grevory/angular-local-storage",0.666667,3,"2013-07-01 00:00:00"
"441",441,"grevory/angular-local-storage",973,1,"2013-08-01 00:00:00"
"442",442,"grevory/angular-local-storage",471.857,7,"2013-09-01 00:00:00"
"443",443,"grevory/angular-local-storage",3325,1,"2013-10-01 00:00:00"
"444",444,"grevory/angular-local-storage",570,4,"2013-11-01 00:00:00"
"445",445,"grevory/angular-local-storage",475.75,4,"2013-12-01 00:00:00"
"446",446,"grevory/angular-local-storage",2905.4,5,"2014-01-01 00:00:00"
"447",447,"grevory/angular-local-storage",2780.4,5,"2014-02-01 00:00:00"
"448",448,"grevory/angular-local-storage",10620.3,3,"2014-03-01 00:00:00"
"449",449,"grevory/angular-local-storage",6770.88,8,"2014-04-01 00:00:00"
"450",450,"grevory/angular-local-storage",4907.78,9,"2014-05-01 00:00:00"
"451",451,"grevory/angular-local-storage",3265.67,3,"2014-06-01 00:00:00"
"452",452,"grevory/angular-local-storage",7958.17,6,"2014-07-01 00:00:00"
"453",453,"grevory/angular-local-storage",1168.2,15,"2014-08-01 00:00:00"
"454",454,"grevory/angular-local-storage",4635.67,6,"2014-09-01 00:00:00"
"455",455,"grevory/angular-local-storage",2463.34,29,"2014-10-01 00:00:00"
"456",456,"grevory/angular-local-storage",307.833,6,"2014-11-01 00:00:00"
"457",457,"gulpjs/vinyl",3429.5,2,"2015-12-01 00:00:00"
"458",458,"gulpjs/vinyl",13.8333,6,"2016-01-01 00:00:00"
"459",459,"gulpjs/vinyl",4890,2,"2016-02-01 00:00:00"
"460",460,"gulpjs/vinyl",0.5,2,"2016-03-01 00:00:00"
"461",461,"gulpjs/vinyl",3560,3,"2016-04-01 00:00:00"
"462",462,"gulpjs/vinyl",560.5,4,"2016-05-01 00:00:00"
"463",463,"gulpjs/vinyl",613,2,"2016-06-01 00:00:00"
"464",464,"gulpjs/vinyl",330.333,3,"2016-07-01 00:00:00"
"465",465,"gulpjs/vinyl",438.5,6,"2016-08-01 00:00:00"
"466",466,"gulpjs/vinyl",106.286,14,"2016-09-01 00:00:00"
"467",467,"gulpjs/vinyl",885.2,5,"2016-10-01 00:00:00"
"468",468,"gulpjs/vinyl",0,1,"2016-11-01 00:00:00"
"469",469,"gulpjs/vinyl",16,1,"2016-12-01 00:00:00"
"470",470,"gulpjs/vinyl",249,2,"2017-01-01 00:00:00"
"471",471,"gulpjs/vinyl",NA,0,"2017-02-01 00:00:00"
"472",472,"gulpjs/vinyl",420.667,3,"2017-03-01 00:00:00"
"473",473,"gulpjs/vinyl",NA,0,"2017-04-01 00:00:00"
"474",474,"gulpjs/vinyl",41,1,"2017-05-01 00:00:00"
"475",475,"gulpjs/vinyl",0,1,"2017-06-01 00:00:00"
"476",476,"HackedByChinese/ng-idle",1589.67,9,"2015-05-01 00:00:00"
"477",477,"HackedByChinese/ng-idle",1950.71,7,"2015-06-01 00:00:00"
"478",478,"HackedByChinese/ng-idle",3486.2,5,"2015-07-01 00:00:00"
"479",479,"HackedByChinese/ng-idle",2152.5,6,"2015-08-01 00:00:00"
"480",480,"HackedByChinese/ng-idle",1074.67,6,"2015-09-01 00:00:00"
"481",481,"HackedByChinese/ng-idle",1990.71,7,"2015-10-01 00:00:00"
"482",482,"HackedByChinese/ng-idle",39.4,5,"2015-11-01 00:00:00"
"483",483,"HackedByChinese/ng-idle",497,4,"2015-12-01 00:00:00"
"484",484,"HackedByChinese/ng-idle",1655,4,"2016-01-01 00:00:00"
"485",485,"HackedByChinese/ng-idle",1229.75,4,"2016-02-01 00:00:00"
"486",486,"HackedByChinese/ng-idle",1954,2,"2016-03-01 00:00:00"
"487",487,"HackedByChinese/ng-idle",30.25,4,"2016-04-01 00:00:00"
"488",488,"HackedByChinese/ng-idle",951.667,3,"2016-05-01 00:00:00"
"489",489,"HackedByChinese/ng-idle",281.2,5,"2016-06-01 00:00:00"
"490",490,"HackedByChinese/ng-idle",1539,6,"2016-07-01 00:00:00"
"491",491,"HackedByChinese/ng-idle",539.5,2,"2016-08-01 00:00:00"
"492",492,"HackedByChinese/ng-idle",154,2,"2016-09-01 00:00:00"
"493",493,"HackedByChinese/ng-idle",2276,3,"2016-10-01 00:00:00"
"494",494,"HackedByChinese/ng-idle",4379,1,"2016-11-01 00:00:00"
"495",495,"hexojs/hexo",NA,0,"2012-12-01 00:00:00"
"496",496,"hexojs/hexo",16,1,"2013-01-01 00:00:00"
"497",497,"hexojs/hexo",205.333,3,"2013-02-01 00:00:00"
"498",498,"hexojs/hexo",280,3,"2013-03-01 00:00:00"
"499",499,"hexojs/hexo",357,2,"2013-04-01 00:00:00"
"500",500,"hexojs/hexo",4519,1,"2013-05-01 00:00:00"
"501",501,"hexojs/hexo",141,2,"2013-06-01 00:00:00"
"502",502,"hexojs/hexo",2002,2,"2013-07-01 00:00:00"
"503",503,"hexojs/hexo",6254,1,"2013-08-01 00:00:00"
"504",504,"hexojs/hexo",6114,1,"2013-09-01 00:00:00"
"505",505,"hexojs/hexo",2222,3,"2013-10-01 00:00:00"
"506",506,"hexojs/hexo",2457,6,"2013-11-01 00:00:00"
"507",507,"hexojs/hexo",NA,0,"2013-12-01 00:00:00"
"508",508,"hexojs/hexo",2593,2,"2014-01-01 00:00:00"
"509",509,"hexojs/hexo",2096.5,2,"2014-02-01 00:00:00"
"510",510,"hexojs/hexo",17439.8,5,"2014-03-01 00:00:00"
"511",511,"hexojs/hexo",17312.7,3,"2014-04-01 00:00:00"
"512",512,"hexojs/hexo",6579,3,"2014-05-01 00:00:00"
"513",513,"hexojs/hexo",3130,2,"2014-06-01 00:00:00"
"514",514,"howardabrams/node-mocks-http",NA,0,"2014-06-01 00:00:00"
"515",515,"howardabrams/node-mocks-http",NA,0,"2014-07-01 00:00:00"
"516",516,"howardabrams/node-mocks-http",13,1,"2014-08-01 00:00:00"
"517",517,"howardabrams/node-mocks-http",18.6667,3,"2014-09-01 00:00:00"
"518",518,"howardabrams/node-mocks-http",35,2,"2014-10-01 00:00:00"
"519",519,"howardabrams/node-mocks-http",2424.5,2,"2014-11-01 00:00:00"
"520",520,"howardabrams/node-mocks-http",953,2,"2014-12-01 00:00:00"
"521",521,"howardabrams/node-mocks-http",376.667,3,"2015-01-01 00:00:00"
"522",522,"howardabrams/node-mocks-http",220.2,5,"2015-02-01 00:00:00"
"523",523,"howardabrams/node-mocks-http",191.667,15,"2015-03-01 00:00:00"
"524",524,"howardabrams/node-mocks-http",32.6,5,"2015-04-01 00:00:00"
"525",525,"howardabrams/node-mocks-http",618,1,"2015-05-01 00:00:00"
"526",526,"howardabrams/node-mocks-http",186.5,2,"2015-06-01 00:00:00"
"527",527,"howardabrams/node-mocks-http",1665.5,4,"2015-07-01 00:00:00"
"528",528,"howardabrams/node-mocks-http",1493,5,"2015-08-01 00:00:00"
"529",529,"howardabrams/node-mocks-http",919.4,5,"2015-09-01 00:00:00"
"530",530,"howardabrams/node-mocks-http",233,2,"2015-10-01 00:00:00"
"531",531,"howardabrams/node-mocks-http",53,1,"2015-11-01 00:00:00"
"532",532,"howardabrams/node-mocks-http",NA,0,"2015-12-01 00:00:00"
"533",533,"jadejs/jade",2361.05,22,"2013-06-01 00:00:00"
"534",534,"jadejs/jade",1229.25,16,"2013-07-01 00:00:00"
"535",535,"jadejs/jade",1795,22,"2013-08-01 00:00:00"
"536",536,"jadejs/jade",2086.6,10,"2013-09-01 00:00:00"
"537",537,"jadejs/jade",1333.68,31,"2013-10-01 00:00:00"
"538",538,"jadejs/jade",313.375,8,"2013-11-01 00:00:00"
"539",539,"jadejs/jade",1240.35,34,"2013-12-01 00:00:00"
"540",540,"jadejs/jade",2947.68,25,"2014-01-01 00:00:00"
"541",541,"jadejs/jade",952.833,24,"2014-02-01 00:00:00"
"542",542,"jadejs/jade",3060.04,25,"2014-03-01 00:00:00"
"543",543,"jadejs/jade",2205.12,25,"2014-04-01 00:00:00"
"544",544,"jadejs/jade",1353.84,38,"2014-05-01 00:00:00"
"545",545,"jadejs/jade",1314.65,20,"2014-06-01 00:00:00"
"546",546,"jadejs/jade",1171.49,43,"2014-07-01 00:00:00"
"547",547,"jadejs/jade",1049.6,30,"2014-08-01 00:00:00"
"548",548,"jadejs/jade",992.027,37,"2014-09-01 00:00:00"
"549",549,"jadejs/jade",209.92,25,"2014-10-01 00:00:00"
"550",550,"jadejs/jade",698.156,45,"2014-11-01 00:00:00"
"551",551,"jadejs/jade",370.045,44,"2014-12-01 00:00:00"
"552",552,"janl/mustache.js",3513,6,"2014-05-01 00:00:00"
"553",553,"janl/mustache.js",2400.89,9,"2014-06-01 00:00:00"
"554",554,"janl/mustache.js",8127.5,2,"2014-07-01 00:00:00"
"555",555,"janl/mustache.js",4248.5,2,"2014-08-01 00:00:00"
"556",556,"janl/mustache.js",2213.5,2,"2014-09-01 00:00:00"
"557",557,"janl/mustache.js",3550.5,2,"2014-10-01 00:00:00"
"558",558,"janl/mustache.js",2632,2,"2014-11-01 00:00:00"
"559",559,"janl/mustache.js",894.077,13,"2014-12-01 00:00:00"
"560",560,"janl/mustache.js",544,8,"2015-01-01 00:00:00"
"561",561,"janl/mustache.js",116.2,10,"2015-02-01 00:00:00"
"562",562,"janl/mustache.js",637.25,8,"2015-03-01 00:00:00"
"563",563,"janl/mustache.js",630.429,7,"2015-04-01 00:00:00"
"564",564,"janl/mustache.js",179.273,11,"2015-05-01 00:00:00"
"565",565,"janl/mustache.js",300.75,8,"2015-06-01 00:00:00"
"566",566,"janl/mustache.js",57.1111,9,"2015-07-01 00:00:00"
"567",567,"janl/mustache.js",94,4,"2015-08-01 00:00:00"
"568",568,"janl/mustache.js",116.333,6,"2015-09-01 00:00:00"
"569",569,"janl/mustache.js",267.353,34,"2015-10-01 00:00:00"
"570",570,"janl/mustache.js",715.2,5,"2015-11-01 00:00:00"
"571",571,"jonathantneal/sanitize.css",NA,0,"2014-12-01 00:00:00"
"572",572,"jonathantneal/sanitize.css",NA,0,"2015-01-01 00:00:00"
"573",573,"jonathantneal/sanitize.css",NA,0,"2015-02-01 00:00:00"
"574",574,"jonathantneal/sanitize.css",5713.8,5,"2015-03-01 00:00:00"
"575",575,"jonathantneal/sanitize.css",7249.5,2,"2015-04-01 00:00:00"
"576",576,"jonathantneal/sanitize.css",6136,1,"2015-05-01 00:00:00"
"577",577,"jonathantneal/sanitize.css",1860.5,2,"2015-06-01 00:00:00"
"578",578,"jonathantneal/sanitize.css",4505,1,"2015-07-01 00:00:00"
"579",579,"jonathantneal/sanitize.css",3726,1,"2015-08-01 00:00:00"
"580",580,"jonathantneal/sanitize.css",1003.25,8,"2015-09-01 00:00:00"
"581",581,"jonathantneal/sanitize.css",240.444,9,"2015-10-01 00:00:00"
"582",582,"jonathantneal/sanitize.css",927.5,2,"2015-11-01 00:00:00"
"583",583,"jonathantneal/sanitize.css",800.667,3,"2015-12-01 00:00:00"
"584",584,"jonathantneal/sanitize.css",802.429,7,"2016-01-01 00:00:00"
"585",585,"jonathantneal/sanitize.css",96.1667,12,"2016-02-01 00:00:00"
"586",586,"jonathantneal/sanitize.css",936.909,11,"2016-03-01 00:00:00"
"587",587,"jonathantneal/sanitize.css",690,9,"2016-04-01 00:00:00"
"588",588,"jonathantneal/sanitize.css",2917.67,6,"2016-05-01 00:00:00"
"589",589,"jonathantneal/sanitize.css",152.167,6,"2016-06-01 00:00:00"
"590",590,"jossmac/react-images",2903.43,7,"2016-01-01 00:00:00"
"591",591,"jossmac/react-images",1876.86,7,"2016-02-01 00:00:00"
"592",592,"jossmac/react-images",503,6,"2016-03-01 00:00:00"
"593",593,"jossmac/react-images",1162.67,6,"2016-04-01 00:00:00"
"594",594,"jossmac/react-images",958.889,9,"2016-05-01 00:00:00"
"595",595,"jossmac/react-images",1058.83,6,"2016-06-01 00:00:00"
"596",596,"jossmac/react-images",340.857,7,"2016-07-01 00:00:00"
"597",597,"jossmac/react-images",37.55,20,"2016-08-01 00:00:00"
"598",598,"jossmac/react-images",NA,0,"2016-09-01 00:00:00"
"599",599,"jossmac/react-images",237.25,4,"2016-10-01 00:00:00"
"600",600,"jossmac/react-images",89.8182,11,"2016-11-01 00:00:00"
"601",601,"jossmac/react-images",216.25,4,"2016-12-01 00:00:00"
"602",602,"jossmac/react-images",1743,2,"2017-01-01 00:00:00"
"603",603,"jossmac/react-images",74.4,5,"2017-02-01 00:00:00"
"604",604,"jossmac/react-images",1597,1,"2017-03-01 00:00:00"
"605",605,"jossmac/react-images",1848.67,3,"2017-04-01 00:00:00"
"606",606,"jossmac/react-images",11,4,"2017-05-01 00:00:00"
"607",607,"jossmac/react-images",361,4,"2017-06-01 00:00:00"
"608",608,"jossmac/react-images",142.5,6,"2017-07-01 00:00:00"
"609",609,"keystonejs/keystone",19200.3,11,"2013-08-01 00:00:00"
"610",610,"keystonejs/keystone",14218.8,6,"2013-09-01 00:00:00"
"611",611,"keystonejs/keystone",22311.5,6,"2013-10-01 00:00:00"
"612",612,"keystonejs/keystone",15695.2,8,"2013-11-01 00:00:00"
"613",613,"keystonejs/keystone",15486.4,14,"2013-12-01 00:00:00"
"614",614,"keystonejs/keystone",16731.5,19,"2014-01-01 00:00:00"
"615",615,"keystonejs/keystone",15619.8,18,"2014-02-01 00:00:00"
"616",616,"keystonejs/keystone",13380.3,26,"2014-03-01 00:00:00"
"617",617,"keystonejs/keystone",12263.5,15,"2014-04-01 00:00:00"
"618",618,"keystonejs/keystone",10105.4,28,"2014-05-01 00:00:00"
"619",619,"keystonejs/keystone",11820.2,21,"2014-06-01 00:00:00"
"620",620,"keystonejs/keystone",10854.4,26,"2014-07-01 00:00:00"
"621",621,"keystonejs/keystone",9727.22,37,"2014-08-01 00:00:00"
"622",622,"keystonejs/keystone",7101.76,34,"2014-09-01 00:00:00"
"623",623,"keystonejs/keystone",1586.17,29,"2014-10-01 00:00:00"
"624",624,"keystonejs/keystone",1578.31,59,"2014-11-01 00:00:00"
"625",625,"keystonejs/keystone",1483.57,88,"2014-12-01 00:00:00"
"626",626,"keystonejs/keystone",1423.3,129,"2015-01-01 00:00:00"
"627",627,"keystonejs/keystone",3048.45,147,"2015-02-01 00:00:00"
"628",628,"less/less.js",12226.7,3,"2013-05-01 00:00:00"
"629",629,"less/less.js",34466,1,"2013-06-01 00:00:00"
"630",630,"less/less.js",13776.5,2,"2013-07-01 00:00:00"
"631",631,"less/less.js",23886.5,4,"2013-08-01 00:00:00"
"632",632,"less/less.js",21546,1,"2013-09-01 00:00:00"
"633",633,"less/less.js",21577,1,"2013-10-01 00:00:00"
"634",634,"less/less.js",10078,5,"2013-11-01 00:00:00"
"635",635,"less/less.js",4984,1,"2013-12-01 00:00:00"
"636",636,"less/less.js",1146,1,"2014-01-01 00:00:00"
"637",637,"less/less.js",10505.9,9,"2014-02-01 00:00:00"
"638",638,"less/less.js",357,1,"2014-03-01 00:00:00"
"639",639,"less/less.js",9416.5,2,"2014-04-01 00:00:00"
"640",640,"less/less.js",26176,1,"2014-05-01 00:00:00"
"641",641,"less/less.js",13610,1,"2014-06-01 00:00:00"
"642",642,"less/less.js",10478.2,5,"2014-07-01 00:00:00"
"643",643,"less/less.js",10780.5,4,"2014-08-01 00:00:00"
"644",644,"less/less.js",10157,4,"2014-09-01 00:00:00"
"645",645,"less/less.js",4358,3,"2014-10-01 00:00:00"
"646",646,"less/less.js",610.5,2,"2014-11-01 00:00:00"
"647",647,"lwansbrough/react-native-camera",NA,0,"2015-02-01 00:00:00"
"648",648,"lwansbrough/react-native-camera",NA,0,"2015-03-01 00:00:00"
"649",649,"lwansbrough/react-native-camera",346.091,11,"2015-04-01 00:00:00"
"650",650,"lwansbrough/react-native-camera",460.409,22,"2015-05-01 00:00:00"
"651",651,"lwansbrough/react-native-camera",737.714,14,"2015-06-01 00:00:00"
"652",652,"lwansbrough/react-native-camera",786.095,21,"2015-07-01 00:00:00"
"653",653,"lwansbrough/react-native-camera",343.5,4,"2015-08-01 00:00:00"
"654",654,"lwansbrough/react-native-camera",852.545,11,"2015-09-01 00:00:00"
"655",655,"lwansbrough/react-native-camera",1565.57,14,"2015-10-01 00:00:00"
"656",656,"lwansbrough/react-native-camera",1677.36,11,"2015-11-01 00:00:00"
"657",657,"lwansbrough/react-native-camera",2849.38,8,"2015-12-01 00:00:00"
"658",658,"lwansbrough/react-native-camera",1361.89,19,"2016-01-01 00:00:00"
"659",659,"lwansbrough/react-native-camera",1094.59,29,"2016-02-01 00:00:00"
"660",660,"lwansbrough/react-native-camera",1425.93,14,"2016-03-01 00:00:00"
"661",661,"lwansbrough/react-native-camera",419.565,23,"2016-04-01 00:00:00"
"662",662,"lwansbrough/react-native-camera",701.273,22,"2016-05-01 00:00:00"
"663",663,"lwansbrough/react-native-camera",860.4,15,"2016-06-01 00:00:00"
"664",664,"lwansbrough/react-native-camera",898.667,12,"2016-07-01 00:00:00"
"665",665,"lwansbrough/react-native-camera",1318.75,16,"2016-08-01 00:00:00"
"666",666,"makeusabrew/bootbox",598,2,"2012-10-01 00:00:00"
"667",667,"makeusabrew/bootbox",220,3,"2012-11-01 00:00:00"
"668",668,"makeusabrew/bootbox",5796,1,"2012-12-01 00:00:00"
"669",669,"makeusabrew/bootbox",691,2,"2013-01-01 00:00:00"
"670",670,"makeusabrew/bootbox",704.5,4,"2013-02-01 00:00:00"
"671",671,"makeusabrew/bootbox",NA,0,"2013-03-01 00:00:00"
"672",672,"makeusabrew/bootbox",NA,0,"2013-04-01 00:00:00"
"673",673,"makeusabrew/bootbox",1071,2,"2013-05-01 00:00:00"
"674",674,"makeusabrew/bootbox",17,1,"2013-06-01 00:00:00"
"675",675,"makeusabrew/bootbox",4082,3,"2013-07-01 00:00:00"
"676",676,"makeusabrew/bootbox",106.333,6,"2013-08-01 00:00:00"
"677",677,"makeusabrew/bootbox",6833,4,"2013-09-01 00:00:00"
"678",678,"makeusabrew/bootbox",6442.2,10,"2013-10-01 00:00:00"
"679",679,"makeusabrew/bootbox",9222.43,7,"2013-11-01 00:00:00"
"680",680,"makeusabrew/bootbox",1574.33,9,"2013-12-01 00:00:00"
"681",681,"makeusabrew/bootbox",0,1,"2014-01-01 00:00:00"
"682",682,"makeusabrew/bootbox",6099.57,7,"2014-02-01 00:00:00"
"683",683,"makeusabrew/bootbox",6930.57,7,"2014-03-01 00:00:00"
"684",684,"makeusabrew/bootbox",4603,5,"2014-04-01 00:00:00"
"685",685,"martynsmith/node-irc",NA,0,"2014-04-01 00:00:00"
"686",686,"martynsmith/node-irc",14243,2,"2014-05-01 00:00:00"
"687",687,"martynsmith/node-irc",14164,1,"2014-06-01 00:00:00"
"688",688,"martynsmith/node-irc",15092,1,"2014-07-01 00:00:00"
"689",689,"martynsmith/node-irc",12423,1,"2014-08-01 00:00:00"
"690",690,"martynsmith/node-irc",NA,0,"2014-09-01 00:00:00"
"691",691,"martynsmith/node-irc",4495,1,"2014-10-01 00:00:00"
"692",692,"martynsmith/node-irc",12238,1,"2014-11-01 00:00:00"
"693",693,"martynsmith/node-irc",NA,0,"2014-12-01 00:00:00"
"694",694,"martynsmith/node-irc",5287.5,2,"2015-01-01 00:00:00"
"695",695,"martynsmith/node-irc",2582.5,2,"2015-02-01 00:00:00"
"696",696,"martynsmith/node-irc",6716.33,3,"2015-03-01 00:00:00"
"697",697,"martynsmith/node-irc",9200.67,3,"2015-04-01 00:00:00"
"698",698,"martynsmith/node-irc",3916.83,12,"2015-05-01 00:00:00"
"699",699,"martynsmith/node-irc",5209.5,2,"2015-06-01 00:00:00"
"700",700,"martynsmith/node-irc",4079.86,7,"2015-07-01 00:00:00"
"701",701,"martynsmith/node-irc",1678.12,8,"2015-08-01 00:00:00"
"702",702,"martynsmith/node-irc",673,10,"2015-09-01 00:00:00"
"703",703,"martynsmith/node-irc",1825.2,10,"2015-10-01 00:00:00"
"704",704,"mikeal/request",4837.65,20,"2012-11-01 00:00:00"
"705",705,"mikeal/request",6093.86,14,"2012-12-01 00:00:00"
"706",706,"mikeal/request",10061.5,20,"2013-01-01 00:00:00"
"707",707,"mikeal/request",5967.31,16,"2013-02-01 00:00:00"
"708",708,"mikeal/request",6756.64,36,"2013-03-01 00:00:00"
"709",709,"mikeal/request",4710.93,27,"2013-04-01 00:00:00"
"710",710,"mikeal/request",8796.82,22,"2013-05-01 00:00:00"
"711",711,"mikeal/request",6648,11,"2013-06-01 00:00:00"
"712",712,"mikeal/request",6645.18,22,"2013-07-01 00:00:00"
"713",713,"mikeal/request",7829,28,"2013-08-01 00:00:00"
"714",714,"mikeal/request",5161.65,20,"2013-09-01 00:00:00"
"715",715,"mikeal/request",4551.07,15,"2013-10-01 00:00:00"
"716",716,"mikeal/request",5144.5,20,"2013-11-01 00:00:00"
"717",717,"mikeal/request",2927,26,"2013-12-01 00:00:00"
"718",718,"mikeal/request",3601.46,26,"2014-01-01 00:00:00"
"719",719,"mikeal/request",2172.24,25,"2014-02-01 00:00:00"
"720",720,"mikeal/request",2383.85,20,"2014-03-01 00:00:00"
"721",721,"mikeal/request",3254.91,32,"2014-04-01 00:00:00"
"722",722,"mikeal/request",1027.26,31,"2014-05-01 00:00:00"
"723",723,"mochajs/mocha",2545.4,30,"2014-03-01 00:00:00"
"724",724,"mochajs/mocha",3359.5,22,"2014-04-01 00:00:00"
"725",725,"mochajs/mocha",2148.76,33,"2014-05-01 00:00:00"
"726",726,"mochajs/mocha",1148.33,18,"2014-06-01 00:00:00"
"727",727,"mochajs/mocha",770.933,45,"2014-07-01 00:00:00"
"728",728,"mochajs/mocha",641.032,31,"2014-08-01 00:00:00"
"729",729,"mochajs/mocha",1740.32,41,"2014-09-01 00:00:00"
"730",730,"mochajs/mocha",908.531,32,"2014-10-01 00:00:00"
"731",731,"mochajs/mocha",1611.3,47,"2014-11-01 00:00:00"
"732",732,"mochajs/mocha",2485.92,24,"2014-12-01 00:00:00"
"733",733,"mochajs/mocha",1601.72,36,"2015-01-01 00:00:00"
"734",734,"mochajs/mocha",1021.64,50,"2015-02-01 00:00:00"
"735",735,"mochajs/mocha",972.532,62,"2015-03-01 00:00:00"
"736",736,"mochajs/mocha",2478.98,41,"2015-04-01 00:00:00"
"737",737,"mochajs/mocha",1975.26,35,"2015-05-01 00:00:00"
"738",738,"mochajs/mocha",1224.35,48,"2015-06-01 00:00:00"
"739",739,"mochajs/mocha",2736.5,42,"2015-07-01 00:00:00"
"740",740,"mochajs/mocha",3135.32,22,"2015-08-01 00:00:00"
"741",741,"mochajs/mocha",2324.37,49,"2015-09-01 00:00:00"
"742",742,"moment/moment",5180,13,"2014-04-01 00:00:00"
"743",743,"moment/moment",891.778,9,"2014-05-01 00:00:00"
"744",744,"moment/moment",7199.37,19,"2014-06-01 00:00:00"
"745",745,"moment/moment",1356.13,45,"2014-07-01 00:00:00"
"746",746,"moment/moment",1090.62,80,"2014-08-01 00:00:00"
"747",747,"moment/moment",3025.54,52,"2014-09-01 00:00:00"
"748",748,"moment/moment",2477.35,69,"2014-10-01 00:00:00"
"749",749,"moment/moment",3060.73,44,"2014-11-01 00:00:00"
"750",750,"moment/moment",1981.98,62,"2014-12-01 00:00:00"
"751",751,"moment/moment",3121.65,52,"2015-01-01 00:00:00"
"752",752,"moment/moment",1764.51,49,"2015-02-01 00:00:00"
"753",753,"moment/moment",1838,53,"2015-03-01 00:00:00"
"754",754,"moment/moment",1720.63,54,"2015-04-01 00:00:00"
"755",755,"moment/moment",1646.72,39,"2015-05-01 00:00:00"
"756",756,"moment/moment",1327.51,41,"2015-06-01 00:00:00"
"757",757,"moment/moment",918.782,78,"2015-07-01 00:00:00"
"758",758,"moment/moment",1818.55,60,"2015-08-01 00:00:00"
"759",759,"moment/moment",754.62,50,"2015-09-01 00:00:00"
"760",760,"moment/moment",1232.88,66,"2015-10-01 00:00:00"
"761",761,"mongodb/node-mongodb-native",53,2,"2013-12-01 00:00:00"
"762",762,"mongodb/node-mongodb-native",56,3,"2014-01-01 00:00:00"
"763",763,"mongodb/node-mongodb-native",22,4,"2014-02-01 00:00:00"
"764",764,"mongodb/node-mongodb-native",25.3333,6,"2014-03-01 00:00:00"
"765",765,"mongodb/node-mongodb-native",54.0714,14,"2014-04-01 00:00:00"
"766",766,"mongodb/node-mongodb-native",138,10,"2014-05-01 00:00:00"
"767",767,"mongodb/node-mongodb-native",245.75,8,"2014-06-01 00:00:00"
"768",768,"mongodb/node-mongodb-native",759.9,10,"2014-07-01 00:00:00"
"769",769,"mongodb/node-mongodb-native",268.5,4,"2014-08-01 00:00:00"
"770",770,"mongodb/node-mongodb-native",2386,10,"2014-09-01 00:00:00"
"771",771,"mongodb/node-mongodb-native",77.3,10,"2014-10-01 00:00:00"
"772",772,"mongodb/node-mongodb-native",159.1,10,"2014-11-01 00:00:00"
"773",773,"mongodb/node-mongodb-native",28,4,"2014-12-01 00:00:00"
"774",774,"mongodb/node-mongodb-native",63.4545,11,"2015-01-01 00:00:00"
"775",775,"mongodb/node-mongodb-native",105.643,14,"2015-02-01 00:00:00"
"776",776,"mongodb/node-mongodb-native",65.7143,7,"2015-03-01 00:00:00"
"777",777,"mongodb/node-mongodb-native",134.6,5,"2015-04-01 00:00:00"
"778",778,"mongodb/node-mongodb-native",794.167,6,"2015-05-01 00:00:00"
"779",779,"mongodb/node-mongodb-native",542,2,"2015-06-01 00:00:00"
"780",780,"Mottie/keyboard",3227,1,"2014-12-01 00:00:00"
"781",781,"Mottie/keyboard",1906,1,"2015-01-01 00:00:00"
"782",782,"Mottie/keyboard",1305,1,"2015-02-01 00:00:00"
"783",783,"Mottie/keyboard",914.1,10,"2015-03-01 00:00:00"
"784",784,"Mottie/keyboard",102.833,6,"2015-04-01 00:00:00"
"785",785,"Mottie/keyboard",1530,3,"2015-05-01 00:00:00"
"786",786,"Mottie/keyboard",165.1,10,"2015-06-01 00:00:00"
"787",787,"Mottie/keyboard",143.636,11,"2015-07-01 00:00:00"
"788",788,"Mottie/keyboard",823.429,14,"2015-08-01 00:00:00"
"789",789,"Mottie/keyboard",269.6,5,"2015-09-01 00:00:00"
"790",790,"Mottie/keyboard",480.667,3,"2015-10-01 00:00:00"
"791",791,"Mottie/keyboard",311.429,14,"2015-11-01 00:00:00"
"792",792,"Mottie/keyboard",409,6,"2015-12-01 00:00:00"
"793",793,"Mottie/keyboard",225.625,8,"2016-01-01 00:00:00"
"794",794,"Mottie/keyboard",383.545,11,"2016-02-01 00:00:00"
"795",795,"Mottie/keyboard",100.8,5,"2016-03-01 00:00:00"
"796",796,"Mottie/keyboard",1690.14,7,"2016-04-01 00:00:00"
"797",797,"Mottie/keyboard",914,6,"2016-05-01 00:00:00"
"798",798,"Mottie/keyboard",1430.67,3,"2016-06-01 00:00:00"
"799",799,"Mottie/tablesorter",NA,0,"2014-12-01 00:00:00"
"800",800,"Mottie/tablesorter",197,2,"2015-01-01 00:00:00"
"801",801,"Mottie/tablesorter",3007,2,"2015-02-01 00:00:00"
"802",802,"Mottie/tablesorter",NA,0,"2015-03-01 00:00:00"
"803",803,"Mottie/tablesorter",1509.17,6,"2015-04-01 00:00:00"
"804",804,"Mottie/tablesorter",2082.13,15,"2015-05-01 00:00:00"
"805",805,"Mottie/tablesorter",669.571,28,"2015-06-01 00:00:00"
"806",806,"Mottie/tablesorter",616.818,22,"2015-07-01 00:00:00"
"807",807,"Mottie/tablesorter",778.6,20,"2015-08-01 00:00:00"
"808",808,"Mottie/tablesorter",1502.5,20,"2015-09-01 00:00:00"
"809",809,"Mottie/tablesorter",301.541,37,"2015-10-01 00:00:00"
"810",810,"Mottie/tablesorter",220.36,25,"2015-11-01 00:00:00"
"811",811,"Mottie/tablesorter",562.429,21,"2015-12-01 00:00:00"
"812",812,"Mottie/tablesorter",335.091,33,"2016-01-01 00:00:00"
"813",813,"Mottie/tablesorter",183.556,18,"2016-02-01 00:00:00"
"814",814,"Mottie/tablesorter",243.75,20,"2016-03-01 00:00:00"
"815",815,"Mottie/tablesorter",181.053,19,"2016-04-01 00:00:00"
"816",816,"Mottie/tablesorter",533.765,17,"2016-05-01 00:00:00"
"817",817,"Mottie/tablesorter",158.75,16,"2016-06-01 00:00:00"
"818",818,"NekR/offline-plugin",19,1,"2015-10-01 00:00:00"
"819",819,"NekR/offline-plugin",1578.5,2,"2015-11-01 00:00:00"
"820",820,"NekR/offline-plugin",376.5,2,"2015-12-01 00:00:00"
"821",821,"NekR/offline-plugin",0,2,"2016-01-01 00:00:00"
"822",822,"NekR/offline-plugin",2591.5,8,"2016-02-01 00:00:00"
"823",823,"NekR/offline-plugin",806,2,"2016-03-01 00:00:00"
"824",824,"NekR/offline-plugin",465.5,18,"2016-04-01 00:00:00"
"825",825,"NekR/offline-plugin",407.4,10,"2016-05-01 00:00:00"
"826",826,"NekR/offline-plugin",778.381,21,"2016-06-01 00:00:00"
"827",827,"NekR/offline-plugin",143.7,10,"2016-07-01 00:00:00"
"828",828,"NekR/offline-plugin",352,10,"2016-08-01 00:00:00"
"829",829,"NekR/offline-plugin",1423.88,8,"2016-09-01 00:00:00"
"830",830,"NekR/offline-plugin",855.231,13,"2016-10-01 00:00:00"
"831",831,"NekR/offline-plugin",652.556,9,"2016-11-01 00:00:00"
"832",832,"NekR/offline-plugin",376.818,11,"2016-12-01 00:00:00"
"833",833,"NekR/offline-plugin",189.875,16,"2017-01-01 00:00:00"
"834",834,"NekR/offline-plugin",95.2632,19,"2017-02-01 00:00:00"
"835",835,"NekR/offline-plugin",26.5833,24,"2017-03-01 00:00:00"
"836",836,"NekR/offline-plugin",75.4118,17,"2017-04-01 00:00:00"
"837",837,"niklasvh/html2canvas",43149,2,"2012-08-01 00:00:00"
"838",838,"niklasvh/html2canvas",NA,0,"2012-09-01 00:00:00"
"839",839,"niklasvh/html2canvas",28084,3,"2012-10-01 00:00:00"
"840",840,"niklasvh/html2canvas",41255.3,3,"2012-11-01 00:00:00"
"841",841,"niklasvh/html2canvas",34033.8,4,"2012-12-01 00:00:00"
"842",842,"niklasvh/html2canvas",39862.7,3,"2013-01-01 00:00:00"
"843",843,"niklasvh/html2canvas",39035,8,"2013-02-01 00:00:00"
"844",844,"niklasvh/html2canvas",38132.8,4,"2013-03-01 00:00:00"
"845",845,"niklasvh/html2canvas",37623.5,2,"2013-04-01 00:00:00"
"846",846,"niklasvh/html2canvas",37028.7,3,"2013-05-01 00:00:00"
"847",847,"niklasvh/html2canvas",35982,2,"2013-06-01 00:00:00"
"848",848,"niklasvh/html2canvas",35461,3,"2013-07-01 00:00:00"
"849",849,"niklasvh/html2canvas",NA,0,"2013-08-01 00:00:00"
"850",850,"niklasvh/html2canvas",33560,1,"2013-09-01 00:00:00"
"851",851,"niklasvh/html2canvas",33399,1,"2013-10-01 00:00:00"
"852",852,"niklasvh/html2canvas",32190,1,"2013-11-01 00:00:00"
"853",853,"niklasvh/html2canvas",31686,2,"2013-12-01 00:00:00"
"854",854,"niklasvh/html2canvas",NA,0,"2014-01-01 00:00:00"
"855",855,"niklasvh/html2canvas",30298.7,3,"2014-02-01 00:00:00"
"856",856,"node-inspector/node-inspector",NA,0,"2013-05-01 00:00:00"
"857",857,"node-inspector/node-inspector",NA,0,"2013-06-01 00:00:00"
"858",858,"node-inspector/node-inspector",6132.5,2,"2013-07-01 00:00:00"
"859",859,"node-inspector/node-inspector",6273.15,13,"2013-08-01 00:00:00"
"860",860,"node-inspector/node-inspector",4324.46,13,"2013-09-01 00:00:00"
"861",861,"node-inspector/node-inspector",5627.64,11,"2013-10-01 00:00:00"
"862",862,"node-inspector/node-inspector",4620,6,"2013-11-01 00:00:00"
"863",863,"node-inspector/node-inspector",1683.56,9,"2013-12-01 00:00:00"
"864",864,"node-inspector/node-inspector",1779.6,15,"2014-01-01 00:00:00"
"865",865,"node-inspector/node-inspector",44,14,"2014-02-01 00:00:00"
"866",866,"node-inspector/node-inspector",894,5,"2014-03-01 00:00:00"
"867",867,"node-inspector/node-inspector",3471.05,20,"2014-04-01 00:00:00"
"868",868,"node-inspector/node-inspector",2155.08,12,"2014-05-01 00:00:00"
"869",869,"node-inspector/node-inspector",2539.56,16,"2014-06-01 00:00:00"
"870",870,"node-inspector/node-inspector",2675.73,15,"2014-07-01 00:00:00"
"871",871,"node-inspector/node-inspector",1521.65,20,"2014-08-01 00:00:00"
"872",872,"node-inspector/node-inspector",860.071,14,"2014-09-01 00:00:00"
"873",873,"node-inspector/node-inspector",2186.31,13,"2014-10-01 00:00:00"
"874",874,"node-inspector/node-inspector",142.615,13,"2014-11-01 00:00:00"
"875",875,"node-schedule/node-schedule",4615,2,"2014-06-01 00:00:00"
"876",876,"node-schedule/node-schedule",4469.5,4,"2014-07-01 00:00:00"
"877",877,"node-schedule/node-schedule",4377,1,"2014-08-01 00:00:00"
"878",878,"node-schedule/node-schedule",2059,3,"2014-09-01 00:00:00"
"879",879,"node-schedule/node-schedule",NA,0,"2014-10-01 00:00:00"
"880",880,"node-schedule/node-schedule",1052,1,"2014-11-01 00:00:00"
"881",881,"node-schedule/node-schedule",357,7,"2014-12-01 00:00:00"
"882",882,"node-schedule/node-schedule",60,6,"2015-01-01 00:00:00"
"883",883,"node-schedule/node-schedule",40.6111,18,"2015-02-01 00:00:00"
"884",884,"node-schedule/node-schedule",316.707,41,"2015-03-01 00:00:00"
"885",885,"node-schedule/node-schedule",29.8,5,"2015-04-01 00:00:00"
"886",886,"node-schedule/node-schedule",134.357,14,"2015-05-01 00:00:00"
"887",887,"node-schedule/node-schedule",1316.42,12,"2015-06-01 00:00:00"
"888",888,"node-schedule/node-schedule",1413.22,9,"2015-07-01 00:00:00"
"889",889,"node-schedule/node-schedule",1408,10,"2015-08-01 00:00:00"
"890",890,"node-schedule/node-schedule",752.8,5,"2015-09-01 00:00:00"
"891",891,"node-schedule/node-schedule",763.625,8,"2015-10-01 00:00:00"
"892",892,"node-schedule/node-schedule",24.8125,16,"2015-11-01 00:00:00"
"893",893,"node-schedule/node-schedule",716.143,7,"2015-12-01 00:00:00"
"894",894,"NodeRedis/node_redis",4441.82,11,"2014-12-01 00:00:00"
"895",895,"NodeRedis/node_redis",3271.91,11,"2015-01-01 00:00:00"
"896",896,"NodeRedis/node_redis",2744.57,7,"2015-02-01 00:00:00"
"897",897,"NodeRedis/node_redis",3533.64,11,"2015-03-01 00:00:00"
"898",898,"NodeRedis/node_redis",2884.15,13,"2015-04-01 00:00:00"
"899",899,"NodeRedis/node_redis",1551.71,17,"2015-05-01 00:00:00"
"900",900,"NodeRedis/node_redis",1542.7,10,"2015-06-01 00:00:00"
"901",901,"NodeRedis/node_redis",575.632,19,"2015-07-01 00:00:00"
"902",902,"NodeRedis/node_redis",95.8667,15,"2015-08-01 00:00:00"
"903",903,"NodeRedis/node_redis",257.231,65,"2015-09-01 00:00:00"
"904",904,"NodeRedis/node_redis",168.385,39,"2015-10-01 00:00:00"
"905",905,"NodeRedis/node_redis",131.062,16,"2015-11-01 00:00:00"
"906",906,"NodeRedis/node_redis",70.2,10,"2015-12-01 00:00:00"
"907",907,"NodeRedis/node_redis",248.933,30,"2016-01-01 00:00:00"
"908",908,"NodeRedis/node_redis",88.7143,21,"2016-02-01 00:00:00"
"909",909,"NodeRedis/node_redis",164.5,32,"2016-03-01 00:00:00"
"910",910,"NodeRedis/node_redis",778.75,20,"2016-04-01 00:00:00"
"911",911,"NodeRedis/node_redis",139.13,23,"2016-05-01 00:00:00"
"912",912,"NodeRedis/node_redis",38.0952,21,"2016-06-01 00:00:00"
"913",913,"nolimits4web/Swiper",6486.8,25,"2014-05-01 00:00:00"
"914",914,"nolimits4web/Swiper",5335.73,11,"2014-06-01 00:00:00"
"915",915,"nolimits4web/Swiper",4626.08,12,"2014-07-01 00:00:00"
"916",916,"nolimits4web/Swiper",3086.75,12,"2014-08-01 00:00:00"
"917",917,"nolimits4web/Swiper",3520.14,14,"2014-09-01 00:00:00"
"918",918,"nolimits4web/Swiper",2704.07,14,"2014-10-01 00:00:00"
"919",919,"nolimits4web/Swiper",1979.09,22,"2014-11-01 00:00:00"
"920",920,"nolimits4web/Swiper",1367.47,17,"2014-12-01 00:00:00"
"921",921,"nolimits4web/Swiper",322.371,35,"2015-01-01 00:00:00"
"922",922,"nolimits4web/Swiper",224.787,47,"2015-02-01 00:00:00"
"923",923,"nolimits4web/Swiper",254.797,74,"2015-03-01 00:00:00"
"924",924,"nolimits4web/Swiper",725.36,50,"2015-04-01 00:00:00"
"925",925,"nolimits4web/Swiper",458.39,41,"2015-05-01 00:00:00"
"926",926,"nolimits4web/Swiper",422.162,37,"2015-06-01 00:00:00"
"927",927,"nolimits4web/Swiper",289.049,41,"2015-07-01 00:00:00"
"928",928,"nolimits4web/Swiper",413.323,31,"2015-08-01 00:00:00"
"929",929,"nolimits4web/Swiper",195.296,27,"2015-09-01 00:00:00"
"930",930,"nolimits4web/Swiper",174.25,28,"2015-10-01 00:00:00"
"931",931,"nolimits4web/Swiper",382.742,31,"2015-11-01 00:00:00"
"932",932,"OnsenUI/OnsenUI",8269.33,3,"2014-03-01 00:00:00"
"933",933,"OnsenUI/OnsenUI",5981,7,"2014-04-01 00:00:00"
"934",934,"OnsenUI/OnsenUI",11239,3,"2014-05-01 00:00:00"
"935",935,"OnsenUI/OnsenUI",5642.67,3,"2014-06-01 00:00:00"
"936",936,"OnsenUI/OnsenUI",3952,8,"2014-07-01 00:00:00"
"937",937,"OnsenUI/OnsenUI",5644.36,25,"2014-08-01 00:00:00"
"938",938,"OnsenUI/OnsenUI",1553.08,25,"2014-09-01 00:00:00"
"939",939,"OnsenUI/OnsenUI",1900.48,73,"2014-10-01 00:00:00"
"940",940,"OnsenUI/OnsenUI",1391.4,35,"2014-11-01 00:00:00"
"941",941,"OnsenUI/OnsenUI",1625.78,46,"2014-12-01 00:00:00"
"942",942,"OnsenUI/OnsenUI",2670.03,29,"2015-01-01 00:00:00"
"943",943,"OnsenUI/OnsenUI",2110.66,32,"2015-02-01 00:00:00"
"944",944,"OnsenUI/OnsenUI",978.151,86,"2015-03-01 00:00:00"
"945",945,"OnsenUI/OnsenUI",983.4,65,"2015-04-01 00:00:00"
"946",946,"OnsenUI/OnsenUI",1019.9,67,"2015-05-01 00:00:00"
"947",947,"OnsenUI/OnsenUI",238.689,45,"2015-06-01 00:00:00"
"948",948,"OnsenUI/OnsenUI",618.671,70,"2015-07-01 00:00:00"
"949",949,"OnsenUI/OnsenUI",1156.38,34,"2015-08-01 00:00:00"
"950",950,"OnsenUI/OnsenUI",996.05,60,"2015-09-01 00:00:00"
"951",951,"patternfly/patternfly",1245.47,19,"2015-10-01 00:00:00"
"952",952,"patternfly/patternfly",886.417,12,"2015-11-01 00:00:00"
"953",953,"patternfly/patternfly",150.25,4,"2015-12-01 00:00:00"
"954",954,"patternfly/patternfly",518.565,23,"2016-01-01 00:00:00"
"955",955,"patternfly/patternfly",89.3077,13,"2016-02-01 00:00:00"
"956",956,"patternfly/patternfly",505.634,41,"2016-03-01 00:00:00"
"957",957,"patternfly/patternfly",1007.92,26,"2016-04-01 00:00:00"
"958",958,"patternfly/patternfly",139.926,27,"2016-05-01 00:00:00"
"959",959,"patternfly/patternfly",874.143,28,"2016-06-01 00:00:00"
"960",960,"patternfly/patternfly",1162.07,56,"2016-07-01 00:00:00"
"961",961,"patternfly/patternfly",516.714,63,"2016-08-01 00:00:00"
"962",962,"patternfly/patternfly",1489.37,43,"2016-09-01 00:00:00"
"963",963,"patternfly/patternfly",558.103,29,"2016-10-01 00:00:00"
"964",964,"patternfly/patternfly",436.8,15,"2016-11-01 00:00:00"
"965",965,"patternfly/patternfly",1053.35,17,"2016-12-01 00:00:00"
"966",966,"patternfly/patternfly",184.5,18,"2017-01-01 00:00:00"
"967",967,"patternfly/patternfly",170.783,23,"2017-02-01 00:00:00"
"968",968,"patternfly/patternfly",458.571,14,"2017-03-01 00:00:00"
"969",969,"patternfly/patternfly",615.3,10,"2017-04-01 00:00:00"
"970",970,"pksunkara/octonode",NA,0,"2013-07-01 00:00:00"
"971",971,"pksunkara/octonode",5336.78,9,"2013-08-01 00:00:00"
"972",972,"pksunkara/octonode",NA,0,"2013-09-01 00:00:00"
"973",973,"pksunkara/octonode",824.333,3,"2013-10-01 00:00:00"
"974",974,"pksunkara/octonode",25,12,"2013-11-01 00:00:00"
"975",975,"pksunkara/octonode",7.5,14,"2013-12-01 00:00:00"
"976",976,"pksunkara/octonode",6.42857,7,"2014-01-01 00:00:00"
"977",977,"pksunkara/octonode",10.5,4,"2014-02-01 00:00:00"
"978",978,"pksunkara/octonode",25.625,8,"2014-03-01 00:00:00"
"979",979,"pksunkara/octonode",5.6,5,"2014-04-01 00:00:00"
"980",980,"pksunkara/octonode",6.25,4,"2014-05-01 00:00:00"
"981",981,"pksunkara/octonode",61,5,"2014-06-01 00:00:00"
"982",982,"pksunkara/octonode",1.5,6,"2014-07-01 00:00:00"
"983",983,"pksunkara/octonode",37,6,"2014-08-01 00:00:00"
"984",984,"pksunkara/octonode",2829.11,9,"2014-09-01 00:00:00"
"985",985,"pksunkara/octonode",21,4,"2014-10-01 00:00:00"
"986",986,"pksunkara/octonode",8.4,5,"2014-11-01 00:00:00"
"987",987,"pksunkara/octonode",35.1667,6,"2014-12-01 00:00:00"
"988",988,"pksunkara/octonode",5,2,"2015-01-01 00:00:00"
"989",989,"postcss/postcss",254,2,"2013-11-01 00:00:00"
"990",990,"postcss/postcss",571.571,7,"2013-12-01 00:00:00"
"991",991,"postcss/postcss",2408.2,5,"2014-01-01 00:00:00"
"992",992,"postcss/postcss",1116.14,7,"2014-02-01 00:00:00"
"993",993,"postcss/postcss",440.111,9,"2014-03-01 00:00:00"
"994",994,"postcss/postcss",1105.67,3,"2014-04-01 00:00:00"
"995",995,"postcss/postcss",69,3,"2014-05-01 00:00:00"
"996",996,"postcss/postcss",51.75,8,"2014-06-01 00:00:00"
"997",997,"postcss/postcss",264.778,9,"2014-07-01 00:00:00"
"998",998,"postcss/postcss",475.318,22,"2014-08-01 00:00:00"
"999",999,"postcss/postcss",436.75,20,"2014-09-01 00:00:00"
"1000",1000,"postcss/postcss",544.067,15,"2014-10-01 00:00:00"
"1001",1001,"postcss/postcss",598.375,24,"2014-11-01 00:00:00"
"1002",1002,"postcss/postcss",479.462,13,"2014-12-01 00:00:00"
"1003",1003,"postcss/postcss",187.917,12,"2015-01-01 00:00:00"
"1004",1004,"postcss/postcss",2106,62,"2015-02-01 00:00:00"
"1005",1005,"postcss/postcss",874.556,36,"2015-03-01 00:00:00"
"1006",1006,"postcss/postcss",290.574,47,"2015-04-01 00:00:00"
"1007",1007,"postcss/postcss",605.657,35,"2015-05-01 00:00:00"
"1008",1008,"postmanlabs/newman",NA,0,"2014-10-01 00:00:00"
"1009",1009,"postmanlabs/newman",8028.33,3,"2014-11-01 00:00:00"
"1010",1010,"postmanlabs/newman",14365,3,"2014-12-01 00:00:00"
"1011",1011,"postmanlabs/newman",13297,1,"2015-01-01 00:00:00"
"1012",1012,"postmanlabs/newman",13147,1,"2015-02-01 00:00:00"
"1013",1013,"postmanlabs/newman",9932,3,"2015-03-01 00:00:00"
"1014",1014,"postmanlabs/newman",NA,0,"2015-04-01 00:00:00"
"1015",1015,"postmanlabs/newman",11409,1,"2015-05-01 00:00:00"
"1016",1016,"postmanlabs/newman",6852.83,6,"2015-06-01 00:00:00"
"1017",1017,"postmanlabs/newman",6797.67,6,"2015-07-01 00:00:00"
"1018",1018,"postmanlabs/newman",9396,4,"2015-08-01 00:00:00"
"1019",1019,"postmanlabs/newman",5101.5,4,"2015-09-01 00:00:00"
"1020",1020,"postmanlabs/newman",6978,5,"2015-10-01 00:00:00"
"1021",1021,"postmanlabs/newman",1321.08,13,"2015-11-01 00:00:00"
"1022",1022,"postmanlabs/newman",222.889,9,"2015-12-01 00:00:00"
"1023",1023,"postmanlabs/newman",1838.75,12,"2016-01-01 00:00:00"
"1024",1024,"postmanlabs/newman",1260.15,20,"2016-02-01 00:00:00"
"1025",1025,"postmanlabs/newman",1460.4,30,"2016-03-01 00:00:00"
"1026",1026,"postmanlabs/newman",1680,22,"2016-04-01 00:00:00"
"1027",1027,"prettydiff/prettydiff",7.5,2,"2014-04-01 00:00:00"
"1028",1028,"prettydiff/prettydiff",NA,0,"2014-05-01 00:00:00"
"1029",1029,"prettydiff/prettydiff",NA,0,"2014-06-01 00:00:00"
"1030",1030,"prettydiff/prettydiff",224,1,"2014-07-01 00:00:00"
"1031",1031,"prettydiff/prettydiff",265.5,2,"2014-08-01 00:00:00"
"1032",1032,"prettydiff/prettydiff",33.5,6,"2014-09-01 00:00:00"
"1033",1033,"prettydiff/prettydiff",1055.5,2,"2014-10-01 00:00:00"
"1034",1034,"prettydiff/prettydiff",186,1,"2014-11-01 00:00:00"
"1035",1035,"prettydiff/prettydiff",4301.67,6,"2014-12-01 00:00:00"
"1036",1036,"prettydiff/prettydiff",2166.38,8,"2015-01-01 00:00:00"
"1037",1037,"prettydiff/prettydiff",2761.88,8,"2015-02-01 00:00:00"
"1038",1038,"prettydiff/prettydiff",639.875,16,"2015-03-01 00:00:00"
"1039",1039,"prettydiff/prettydiff",153.667,9,"2015-04-01 00:00:00"
"1040",1040,"prettydiff/prettydiff",297.263,19,"2015-05-01 00:00:00"
"1041",1041,"prettydiff/prettydiff",396.111,18,"2015-06-01 00:00:00"
"1042",1042,"prettydiff/prettydiff",224.75,8,"2015-07-01 00:00:00"
"1043",1043,"prettydiff/prettydiff",102.536,28,"2015-08-01 00:00:00"
"1044",1044,"prettydiff/prettydiff",326.211,19,"2015-09-01 00:00:00"
"1045",1045,"prettydiff/prettydiff",193.625,24,"2015-10-01 00:00:00"
"1046",1046,"pugjs/pug",2361.05,22,"2013-06-01 00:00:00"
"1047",1047,"pugjs/pug",1229.25,16,"2013-07-01 00:00:00"
"1048",1048,"pugjs/pug",1795,22,"2013-08-01 00:00:00"
"1049",1049,"pugjs/pug",2086.6,10,"2013-09-01 00:00:00"
"1050",1050,"pugjs/pug",1333.68,31,"2013-10-01 00:00:00"
"1051",1051,"pugjs/pug",313.375,8,"2013-11-01 00:00:00"
"1052",1052,"pugjs/pug",1240.35,34,"2013-12-01 00:00:00"
"1053",1053,"pugjs/pug",2947.68,25,"2014-01-01 00:00:00"
"1054",1054,"pugjs/pug",952.833,24,"2014-02-01 00:00:00"
"1055",1055,"pugjs/pug",3060.04,25,"2014-03-01 00:00:00"
"1056",1056,"pugjs/pug",2205.12,25,"2014-04-01 00:00:00"
"1057",1057,"pugjs/pug",1353.84,38,"2014-05-01 00:00:00"
"1058",1058,"pugjs/pug",1314.65,20,"2014-06-01 00:00:00"
"1059",1059,"pugjs/pug",1171.49,43,"2014-07-01 00:00:00"
"1060",1060,"pugjs/pug",1049.6,30,"2014-08-01 00:00:00"
"1061",1061,"pugjs/pug",992.027,37,"2014-09-01 00:00:00"
"1062",1062,"pugjs/pug",209.92,25,"2014-10-01 00:00:00"
"1063",1063,"pugjs/pug",698.156,45,"2014-11-01 00:00:00"
"1064",1064,"pugjs/pug",370.045,44,"2014-12-01 00:00:00"
"1065",1065,"request/request",4837.65,20,"2012-11-01 00:00:00"
"1066",1066,"request/request",6093.86,14,"2012-12-01 00:00:00"
"1067",1067,"request/request",10061.5,20,"2013-01-01 00:00:00"
"1068",1068,"request/request",5967.31,16,"2013-02-01 00:00:00"
"1069",1069,"request/request",6756.64,36,"2013-03-01 00:00:00"
"1070",1070,"request/request",4710.93,27,"2013-04-01 00:00:00"
"1071",1071,"request/request",8796.82,22,"2013-05-01 00:00:00"
"1072",1072,"request/request",6648,11,"2013-06-01 00:00:00"
"1073",1073,"request/request",6645.18,22,"2013-07-01 00:00:00"
"1074",1074,"request/request",7829,28,"2013-08-01 00:00:00"
"1075",1075,"request/request",5161.65,20,"2013-09-01 00:00:00"
"1076",1076,"request/request",4551.07,15,"2013-10-01 00:00:00"
"1077",1077,"request/request",5144.5,20,"2013-11-01 00:00:00"
"1078",1078,"request/request",2927,26,"2013-12-01 00:00:00"
"1079",1079,"request/request",3601.46,26,"2014-01-01 00:00:00"
"1080",1080,"request/request",2172.24,25,"2014-02-01 00:00:00"
"1081",1081,"request/request",2383.85,20,"2014-03-01 00:00:00"
"1082",1082,"request/request",3254.91,32,"2014-04-01 00:00:00"
"1083",1083,"request/request",1027.26,31,"2014-05-01 00:00:00"
"1084",1084,"restify/node-restify",7,5,"2012-04-01 00:00:00"
"1085",1085,"restify/node-restify",38.6667,6,"2012-05-01 00:00:00"
"1086",1086,"restify/node-restify",593.2,5,"2012-06-01 00:00:00"
"1087",1087,"restify/node-restify",54,4,"2012-07-01 00:00:00"
"1088",1088,"restify/node-restify",1743,4,"2012-08-01 00:00:00"
"1089",1089,"restify/node-restify",864.75,4,"2012-09-01 00:00:00"
"1090",1090,"restify/node-restify",1893.75,8,"2012-10-01 00:00:00"
"1091",1091,"restify/node-restify",11709.3,3,"2012-11-01 00:00:00"
"1092",1092,"restify/node-restify",1691.33,6,"2012-12-01 00:00:00"
"1093",1093,"restify/node-restify",5803.29,14,"2013-01-01 00:00:00"
"1094",1094,"restify/node-restify",1261.25,8,"2013-02-01 00:00:00"
"1095",1095,"restify/node-restify",5831.93,14,"2013-03-01 00:00:00"
"1096",1096,"restify/node-restify",9726.82,11,"2013-04-01 00:00:00"
"1097",1097,"restify/node-restify",6290.27,15,"2013-05-01 00:00:00"
"1098",1098,"restify/node-restify",940,7,"2013-06-01 00:00:00"
"1099",1099,"restify/node-restify",3523.44,9,"2013-07-01 00:00:00"
"1100",1100,"restify/node-restify",4668.93,15,"2013-08-01 00:00:00"
"1101",1101,"restify/node-restify",2263.35,17,"2013-09-01 00:00:00"
"1102",1102,"restify/node-restify",6955.57,21,"2013-10-01 00:00:00"
"1103",1103,"RisingStack/trace-nodejs",100.65,20,"2016-02-01 00:00:00"
"1104",1104,"RisingStack/trace-nodejs",233.9,10,"2016-03-01 00:00:00"
"1105",1105,"RisingStack/trace-nodejs",602.143,7,"2016-04-01 00:00:00"
"1106",1106,"RisingStack/trace-nodejs",1129.8,5,"2016-05-01 00:00:00"
"1107",1107,"RisingStack/trace-nodejs",20,1,"2016-06-01 00:00:00"
"1108",1108,"RisingStack/trace-nodejs",1508.4,5,"2016-07-01 00:00:00"
"1109",1109,"RisingStack/trace-nodejs",1290,1,"2016-08-01 00:00:00"
"1110",1110,"RisingStack/trace-nodejs",NA,0,"2016-09-01 00:00:00"
"1111",1111,"RisingStack/trace-nodejs",250.667,3,"2016-10-01 00:00:00"
"1112",1112,"RisingStack/trace-nodejs",1249,3,"2016-11-01 00:00:00"
"1113",1113,"RisingStack/trace-nodejs",13,1,"2016-12-01 00:00:00"
"1114",1114,"RisingStack/trace-nodejs",NA,0,"2017-01-01 00:00:00"
"1115",1115,"RisingStack/trace-nodejs",448,5,"2017-02-01 00:00:00"
"1116",1116,"RisingStack/trace-nodejs",73,2,"2017-03-01 00:00:00"
"1117",1117,"RisingStack/trace-nodejs",119.5,4,"2017-04-01 00:00:00"
"1118",1118,"RisingStack/trace-nodejs",92.25,4,"2017-05-01 00:00:00"
"1119",1119,"RisingStack/trace-nodejs",2,1,"2017-06-01 00:00:00"
"1120",1120,"RisingStack/trace-nodejs",111,2,"2017-07-01 00:00:00"
"1121",1121,"RisingStack/trace-nodejs",NA,0,"2017-08-01 00:00:00"
"1122",1122,"rtfpessoa/diff2html",991,2,"2015-03-01 00:00:00"
"1123",1123,"rtfpessoa/diff2html",144,3,"2015-04-01 00:00:00"
"1124",1124,"rtfpessoa/diff2html",NA,0,"2015-05-01 00:00:00"
"1125",1125,"rtfpessoa/diff2html",0,2,"2015-06-01 00:00:00"
"1126",1126,"rtfpessoa/diff2html",23.4,5,"2015-07-01 00:00:00"
"1127",1127,"rtfpessoa/diff2html",2906.25,4,"2015-08-01 00:00:00"
"1128",1128,"rtfpessoa/diff2html",439,1,"2015-09-01 00:00:00"
"1129",1129,"rtfpessoa/diff2html",916.364,11,"2015-10-01 00:00:00"
"1130",1130,"rtfpessoa/diff2html",1607.33,3,"2015-11-01 00:00:00"
"1131",1131,"rtfpessoa/diff2html",313.923,13,"2015-12-01 00:00:00"
"1132",1132,"rtfpessoa/diff2html",331.8,5,"2016-01-01 00:00:00"
"1133",1133,"rtfpessoa/diff2html",303.364,11,"2016-02-01 00:00:00"
"1134",1134,"rtfpessoa/diff2html",898,2,"2016-03-01 00:00:00"
"1135",1135,"rtfpessoa/diff2html",64.75,4,"2016-04-01 00:00:00"
"1136",1136,"rtfpessoa/diff2html",169.071,14,"2016-05-01 00:00:00"
"1137",1137,"rtfpessoa/diff2html",560.8,5,"2016-06-01 00:00:00"
"1138",1138,"rtfpessoa/diff2html",2,2,"2016-07-01 00:00:00"
"1139",1139,"rtfpessoa/diff2html",198,3,"2016-08-01 00:00:00"
"1140",1140,"rtfpessoa/diff2html",262.75,8,"2016-09-01 00:00:00"
"1141",1141,"sandeepmistry/bleno",2074.14,7,"2014-01-01 00:00:00"
"1142",1142,"sandeepmistry/bleno",1767.2,5,"2014-02-01 00:00:00"
"1143",1143,"sandeepmistry/bleno",3707,3,"2014-03-01 00:00:00"
"1144",1144,"sandeepmistry/bleno",3501.2,5,"2014-04-01 00:00:00"
"1145",1145,"sandeepmistry/bleno",1410.75,4,"2014-05-01 00:00:00"
"1146",1146,"sandeepmistry/bleno",384.25,4,"2014-06-01 00:00:00"
"1147",1147,"sandeepmistry/bleno",481.25,4,"2014-07-01 00:00:00"
"1148",1148,"sandeepmistry/bleno",1736.17,12,"2014-08-01 00:00:00"
"1149",1149,"sandeepmistry/bleno",520.75,4,"2014-09-01 00:00:00"
"1150",1150,"sandeepmistry/bleno",1878.33,9,"2014-10-01 00:00:00"
"1151",1151,"sandeepmistry/bleno",380.25,4,"2014-11-01 00:00:00"
"1152",1152,"sandeepmistry/bleno",2990.5,2,"2014-12-01 00:00:00"
"1153",1153,"sandeepmistry/bleno",116.6,5,"2015-01-01 00:00:00"
"1154",1154,"sandeepmistry/bleno",81.75,4,"2015-02-01 00:00:00"
"1155",1155,"sandeepmistry/bleno",1196.67,3,"2015-03-01 00:00:00"
"1156",1156,"sandeepmistry/bleno",51.4,5,"2015-04-01 00:00:00"
"1157",1157,"sandeepmistry/bleno",5,1,"2015-05-01 00:00:00"
"1158",1158,"sandeepmistry/bleno",527,3,"2015-06-01 00:00:00"
"1159",1159,"sandeepmistry/bleno",1045.2,5,"2015-07-01 00:00:00"
"1160",1160,"sandeepmistry/noble",1889.6,5,"2014-01-01 00:00:00"
"1161",1161,"sandeepmistry/noble",44,1,"2014-02-01 00:00:00"
"1162",1162,"sandeepmistry/noble",3382.25,4,"2014-03-01 00:00:00"
"1163",1163,"sandeepmistry/noble",4000.67,3,"2014-04-01 00:00:00"
"1164",1164,"sandeepmistry/noble",788.714,7,"2014-05-01 00:00:00"
"1165",1165,"sandeepmistry/noble",1210.75,4,"2014-06-01 00:00:00"
"1166",1166,"sandeepmistry/noble",3363,6,"2014-07-01 00:00:00"
"1167",1167,"sandeepmistry/noble",273.333,3,"2014-08-01 00:00:00"
"1168",1168,"sandeepmistry/noble",130.625,8,"2014-09-01 00:00:00"
"1169",1169,"sandeepmistry/noble",409.5,2,"2014-10-01 00:00:00"
"1170",1170,"sandeepmistry/noble",774.455,11,"2014-11-01 00:00:00"
"1171",1171,"sandeepmistry/noble",604.714,7,"2014-12-01 00:00:00"
"1172",1172,"sandeepmistry/noble",601.667,9,"2015-01-01 00:00:00"
"1173",1173,"sandeepmistry/noble",678.091,11,"2015-02-01 00:00:00"
"1174",1174,"sandeepmistry/noble",430.526,19,"2015-03-01 00:00:00"
"1175",1175,"sandeepmistry/noble",207.25,16,"2015-04-01 00:00:00"
"1176",1176,"sandeepmistry/noble",592.556,9,"2015-05-01 00:00:00"
"1177",1177,"sandeepmistry/noble",747.6,15,"2015-06-01 00:00:00"
"1178",1178,"sandeepmistry/noble",267.5,16,"2015-07-01 00:00:00"
"1179",1179,"stampit-org/stampit",175.5,4,"2014-04-01 00:00:00"
"1180",1180,"stampit-org/stampit",NA,0,"2014-05-01 00:00:00"
"1181",1181,"stampit-org/stampit",998,1,"2014-06-01 00:00:00"
"1182",1182,"stampit-org/stampit",201,1,"2014-07-01 00:00:00"
"1183",1183,"stampit-org/stampit",1483.67,6,"2014-08-01 00:00:00"
"1184",1184,"stampit-org/stampit",2290.67,3,"2014-09-01 00:00:00"
"1185",1185,"stampit-org/stampit",NA,0,"2014-10-01 00:00:00"
"1186",1186,"stampit-org/stampit",1749,3,"2014-11-01 00:00:00"
"1187",1187,"stampit-org/stampit",NA,0,"2014-12-01 00:00:00"
"1188",1188,"stampit-org/stampit",840.25,12,"2015-01-01 00:00:00"
"1189",1189,"stampit-org/stampit",7,1,"2015-02-01 00:00:00"
"1190",1190,"stampit-org/stampit",1211.6,5,"2015-03-01 00:00:00"
"1191",1191,"stampit-org/stampit",755.667,3,"2015-04-01 00:00:00"
"1192",1192,"stampit-org/stampit",551.731,26,"2015-05-01 00:00:00"
"1193",1193,"stampit-org/stampit",517.093,54,"2015-06-01 00:00:00"
"1194",1194,"stampit-org/stampit",459.294,17,"2015-07-01 00:00:00"
"1195",1195,"stampit-org/stampit",104.667,3,"2015-08-01 00:00:00"
"1196",1196,"stampit-org/stampit",1114.55,11,"2015-09-01 00:00:00"
"1197",1197,"stampit-org/stampit",1009.25,8,"2015-10-01 00:00:00"
"1198",1198,"strongloop/strongloop",658.667,3,"2014-09-01 00:00:00"
"1199",1199,"strongloop/strongloop",2600.6,5,"2014-10-01 00:00:00"
"1200",1200,"strongloop/strongloop",442.5,6,"2014-11-01 00:00:00"
"1201",1201,"strongloop/strongloop",2906.5,4,"2014-12-01 00:00:00"
"1202",1202,"strongloop/strongloop",310.4,5,"2015-01-01 00:00:00"
"1203",1203,"strongloop/strongloop",2913.71,7,"2015-02-01 00:00:00"
"1204",1204,"strongloop/strongloop",954.286,7,"2015-03-01 00:00:00"
"1205",1205,"strongloop/strongloop",193.818,11,"2015-04-01 00:00:00"
"1206",1206,"strongloop/strongloop",1394.69,16,"2015-05-01 00:00:00"
"1207",1207,"strongloop/strongloop",3333,6,"2015-06-01 00:00:00"
"1208",1208,"strongloop/strongloop",90.6667,3,"2015-07-01 00:00:00"
"1209",1209,"strongloop/strongloop",52.5,4,"2015-08-01 00:00:00"
"1210",1210,"strongloop/strongloop",1514.45,11,"2015-09-01 00:00:00"
"1211",1211,"strongloop/strongloop",373.182,11,"2015-10-01 00:00:00"
"1212",1212,"strongloop/strongloop",1823.71,7,"2015-11-01 00:00:00"
"1213",1213,"strongloop/strongloop",4706,9,"2015-12-01 00:00:00"
"1214",1214,"strongloop/strongloop",3909,8,"2016-01-01 00:00:00"
"1215",1215,"strongloop/strongloop",3385.5,6,"2016-02-01 00:00:00"
"1216",1216,"strongloop/strongloop",6168.78,9,"2016-03-01 00:00:00"
"1217",1217,"systemjs/systemjs",600.333,21,"2014-04-01 00:00:00"
"1218",1218,"systemjs/systemjs",457.25,32,"2014-05-01 00:00:00"
"1219",1219,"systemjs/systemjs",771.111,18,"2014-06-01 00:00:00"
"1220",1220,"systemjs/systemjs",1034.44,27,"2014-07-01 00:00:00"
"1221",1221,"systemjs/systemjs",1124.91,35,"2014-08-01 00:00:00"
"1222",1222,"systemjs/systemjs",710.65,20,"2014-09-01 00:00:00"
"1223",1223,"systemjs/systemjs",559.308,26,"2014-10-01 00:00:00"
"1224",1224,"systemjs/systemjs",322.19,21,"2014-11-01 00:00:00"
"1225",1225,"systemjs/systemjs",1087.84,31,"2014-12-01 00:00:00"
"1226",1226,"systemjs/systemjs",624.562,48,"2015-01-01 00:00:00"
"1227",1227,"systemjs/systemjs",305.92,25,"2015-02-01 00:00:00"
"1228",1228,"systemjs/systemjs",139.864,22,"2015-03-01 00:00:00"
"1229",1229,"systemjs/systemjs",344.739,46,"2015-04-01 00:00:00"
"1230",1230,"systemjs/systemjs",641.091,44,"2015-05-01 00:00:00"
"1231",1231,"systemjs/systemjs",106.678,87,"2015-06-01 00:00:00"
"1232",1232,"systemjs/systemjs",418.711,83,"2015-07-01 00:00:00"
"1233",1233,"systemjs/systemjs",724.842,101,"2015-08-01 00:00:00"
"1234",1234,"systemjs/systemjs",257.304,69,"2015-09-01 00:00:00"
"1235",1235,"systemjs/systemjs",849.63,73,"2015-10-01 00:00:00"
"1236",1236,"tgriesser/knex",12302.4,5,"2013-08-01 00:00:00"
"1237",1237,"tgriesser/knex",42.5714,7,"2013-09-01 00:00:00"
"1238",1238,"tgriesser/knex",15.5,2,"2013-10-01 00:00:00"
"1239",1239,"tgriesser/knex",5099,1,"2013-11-01 00:00:00"
"1240",1240,"tgriesser/knex",1185.25,4,"2013-12-01 00:00:00"
"1241",1241,"tgriesser/knex",4608.57,7,"2014-01-01 00:00:00"
"1242",1242,"tgriesser/knex",2842,1,"2014-02-01 00:00:00"
"1243",1243,"tgriesser/knex",349.333,9,"2014-03-01 00:00:00"
"1244",1244,"tgriesser/knex",5137.89,9,"2014-04-01 00:00:00"
"1245",1245,"tgriesser/knex",3903.12,8,"2014-05-01 00:00:00"
"1246",1246,"tgriesser/knex",4993,13,"2014-06-01 00:00:00"
"1247",1247,"tgriesser/knex",3854.83,30,"2014-07-01 00:00:00"
"1248",1248,"tgriesser/knex",1591.9,39,"2014-08-01 00:00:00"
"1249",1249,"tgriesser/knex",1807.48,56,"2014-09-01 00:00:00"
"1250",1250,"tgriesser/knex",2260.39,28,"2014-10-01 00:00:00"
"1251",1251,"tgriesser/knex",2093.5,30,"2014-11-01 00:00:00"
"1252",1252,"tgriesser/knex",3225.05,21,"2014-12-01 00:00:00"
"1253",1253,"tgriesser/knex",2948.94,32,"2015-01-01 00:00:00"
"1254",1254,"tgriesser/knex",2242.55,51,"2015-02-01 00:00:00"
"1255",1255,"thedersen/backbone.validation",2317,3,"2014-04-01 00:00:00"
"1256",1256,"thedersen/backbone.validation",6135,2,"2014-05-01 00:00:00"
"1257",1257,"thedersen/backbone.validation",7728,1,"2014-06-01 00:00:00"
"1258",1258,"thedersen/backbone.validation",4406.5,2,"2014-07-01 00:00:00"
"1259",1259,"thedersen/backbone.validation",4099.6,5,"2014-08-01 00:00:00"
"1260",1260,"thedersen/backbone.validation",3096,1,"2014-09-01 00:00:00"
"1261",1261,"thedersen/backbone.validation",5626.4,5,"2014-10-01 00:00:00"
"1262",1262,"thedersen/backbone.validation",1797,1,"2014-11-01 00:00:00"
"1263",1263,"thedersen/backbone.validation",497,1,"2014-12-01 00:00:00"
"1264",1264,"thedersen/backbone.validation",155.5,10,"2015-01-01 00:00:00"
"1265",1265,"thedersen/backbone.validation",2341.38,8,"2015-02-01 00:00:00"
"1266",1266,"thedersen/backbone.validation",NA,0,"2015-03-01 00:00:00"
"1267",1267,"thedersen/backbone.validation",261.4,5,"2015-04-01 00:00:00"
"1268",1268,"thedersen/backbone.validation",29,4,"2015-05-01 00:00:00"
"1269",1269,"thedersen/backbone.validation",12,2,"2015-06-01 00:00:00"
"1270",1270,"thedersen/backbone.validation",279.5,2,"2015-07-01 00:00:00"
"1271",1271,"thedersen/backbone.validation",NA,0,"2015-08-01 00:00:00"
"1272",1272,"thedersen/backbone.validation",4,1,"2015-09-01 00:00:00"
"1273",1273,"thedersen/backbone.validation",341,2,"2015-10-01 00:00:00"
"1274",1274,"tj/n",1169,11,"2015-03-01 00:00:00"
"1275",1275,"tj/n",824.667,3,"2015-04-01 00:00:00"
"1276",1276,"tj/n",1132.63,19,"2015-05-01 00:00:00"
"1277",1277,"tj/n",409.375,8,"2015-06-01 00:00:00"
"1278",1278,"tj/n",2173.29,7,"2015-07-01 00:00:00"
"1279",1279,"tj/n",2799.4,5,"2015-08-01 00:00:00"
"1280",1280,"tj/n",4602.75,4,"2015-09-01 00:00:00"
"1281",1281,"tj/n",3396.44,9,"2015-10-01 00:00:00"
"1282",1282,"tj/n",207.4,5,"2015-11-01 00:00:00"
"1283",1283,"tj/n",84.6667,3,"2015-12-01 00:00:00"
"1284",1284,"tj/n",0,2,"2016-01-01 00:00:00"
"1285",1285,"tj/n",5415,2,"2016-02-01 00:00:00"
"1286",1286,"tj/n",2817,5,"2016-03-01 00:00:00"
"1287",1287,"tj/n",1633.67,3,"2016-04-01 00:00:00"
"1288",1288,"tj/n",NA,0,"2016-05-01 00:00:00"
"1289",1289,"tj/n",68,1,"2016-06-01 00:00:00"
"1290",1290,"tj/n",30.7143,7,"2016-07-01 00:00:00"
"1291",1291,"tj/n",807.5,2,"2016-08-01 00:00:00"
"1292",1292,"tj/n",813.5,4,"2016-09-01 00:00:00"
"1293",1293,"tojocky/node-printer",NA,0,"2014-05-01 00:00:00"
"1294",1294,"tojocky/node-printer",100.5,8,"2014-06-01 00:00:00"
"1295",1295,"tojocky/node-printer",350.75,4,"2014-07-01 00:00:00"
"1296",1296,"tojocky/node-printer",770.4,5,"2014-08-01 00:00:00"
"1297",1297,"tojocky/node-printer",38,2,"2014-09-01 00:00:00"
"1298",1298,"tojocky/node-printer",244,1,"2014-10-01 00:00:00"
"1299",1299,"tojocky/node-printer",1396.5,2,"2014-11-01 00:00:00"
"1300",1300,"tojocky/node-printer",192,2,"2014-12-01 00:00:00"
"1301",1301,"tojocky/node-printer",142.5,8,"2015-01-01 00:00:00"
"1302",1302,"tojocky/node-printer",211.143,7,"2015-02-01 00:00:00"
"1303",1303,"tojocky/node-printer",43,16,"2015-03-01 00:00:00"
"1304",1304,"tojocky/node-printer",1103.25,4,"2015-04-01 00:00:00"
"1305",1305,"tojocky/node-printer",69,1,"2015-05-01 00:00:00"
"1306",1306,"tojocky/node-printer",0,1,"2015-06-01 00:00:00"
"1307",1307,"tojocky/node-printer",1507,1,"2015-07-01 00:00:00"
"1308",1308,"tojocky/node-printer",1084,3,"2015-08-01 00:00:00"
"1309",1309,"tojocky/node-printer",192.9,10,"2015-09-01 00:00:00"
"1310",1310,"tojocky/node-printer",4260.43,7,"2015-10-01 00:00:00"
"1311",1311,"tojocky/node-printer",NA,0,"2015-11-01 00:00:00"
"1312",1312,"uxsolutions/bootstrap-datepicker",5077,1,"2012-07-01 00:00:00"
"1313",1313,"uxsolutions/bootstrap-datepicker",35020,1,"2012-08-01 00:00:00"
"1314",1314,"uxsolutions/bootstrap-datepicker",9273.75,4,"2012-09-01 00:00:00"
"1315",1315,"uxsolutions/bootstrap-datepicker",12002,3,"2012-10-01 00:00:00"
"1316",1316,"uxsolutions/bootstrap-datepicker",188,1,"2012-11-01 00:00:00"
"1317",1317,"uxsolutions/bootstrap-datepicker",0,1,"2012-12-01 00:00:00"
"1318",1318,"uxsolutions/bootstrap-datepicker",11385.5,2,"2013-01-01 00:00:00"
"1319",1319,"uxsolutions/bootstrap-datepicker",NA,0,"2013-02-01 00:00:00"
"1320",1320,"uxsolutions/bootstrap-datepicker",22581,1,"2013-03-01 00:00:00"
"1321",1321,"uxsolutions/bootstrap-datepicker",14087.5,2,"2013-04-01 00:00:00"
"1322",1322,"uxsolutions/bootstrap-datepicker",10553.2,4,"2013-05-01 00:00:00"
"1323",1323,"uxsolutions/bootstrap-datepicker",7475,3,"2013-06-01 00:00:00"
"1324",1324,"uxsolutions/bootstrap-datepicker",632.333,3,"2013-07-01 00:00:00"
"1325",1325,"uxsolutions/bootstrap-datepicker",7720.6,5,"2013-08-01 00:00:00"
"1326",1326,"uxsolutions/bootstrap-datepicker",9087.33,3,"2013-09-01 00:00:00"
"1327",1327,"uxsolutions/bootstrap-datepicker",NA,0,"2013-10-01 00:00:00"
"1328",1328,"uxsolutions/bootstrap-datepicker",12349.2,4,"2013-11-01 00:00:00"
"1329",1329,"uxsolutions/bootstrap-datepicker",5643,3,"2013-12-01 00:00:00"
"1330",1330,"uxsolutions/bootstrap-datepicker",13132.5,4,"2014-01-01 00:00:00"
"1331",1331,"webpack-contrib/extract-text-webpack-plugin",1508,1,"2016-04-01 00:00:00"
"1332",1332,"webpack-contrib/extract-text-webpack-plugin",8720.25,4,"2016-05-01 00:00:00"
"1333",1333,"webpack-contrib/extract-text-webpack-plugin",394,1,"2016-06-01 00:00:00"
"1334",1334,"webpack-contrib/extract-text-webpack-plugin",6655,2,"2016-07-01 00:00:00"
"1335",1335,"webpack-contrib/extract-text-webpack-plugin",4938.2,5,"2016-08-01 00:00:00"
"1336",1336,"webpack-contrib/extract-text-webpack-plugin",5017.33,6,"2016-09-01 00:00:00"
"1337",1337,"webpack-contrib/extract-text-webpack-plugin",4308.5,4,"2016-10-01 00:00:00"
"1338",1338,"webpack-contrib/extract-text-webpack-plugin",3432.67,6,"2016-11-01 00:00:00"
"1339",1339,"webpack-contrib/extract-text-webpack-plugin",1657.33,3,"2016-12-01 00:00:00"
"1340",1340,"webpack-contrib/extract-text-webpack-plugin",1676.33,12,"2017-01-01 00:00:00"
"1341",1341,"webpack-contrib/extract-text-webpack-plugin",1944.27,11,"2017-02-01 00:00:00"
"1342",1342,"webpack-contrib/extract-text-webpack-plugin",1380.25,12,"2017-03-01 00:00:00"
"1343",1343,"webpack-contrib/extract-text-webpack-plugin",553.2,20,"2017-04-01 00:00:00"
"1344",1344,"webpack-contrib/extract-text-webpack-plugin",301.538,26,"2017-05-01 00:00:00"
"1345",1345,"webpack-contrib/extract-text-webpack-plugin",131.412,34,"2017-06-01 00:00:00"
"1346",1346,"webpack-contrib/extract-text-webpack-plugin",49.1429,21,"2017-07-01 00:00:00"
"1347",1347,"webpack-contrib/extract-text-webpack-plugin",29.9,10,"2017-08-01 00:00:00"
"1348",1348,"webpack-contrib/extract-text-webpack-plugin",NA,0,"2017-09-01 00:00:00"
"1349",1349,"webpack-contrib/extract-text-webpack-plugin",NA,0,"2017-10-01 00:00:00"
"1350",1350,"webpack/file-loader",10616,2,"2016-04-01 00:00:00"
"1351",1351,"webpack/file-loader",10207,1,"2016-05-01 00:00:00"
"1352",1352,"webpack/file-loader",9530,1,"2016-06-01 00:00:00"
"1353",1353,"webpack/file-loader",5065,2,"2016-07-01 00:00:00"
"1354",1354,"webpack/file-loader",7874.5,2,"2016-08-01 00:00:00"
"1355",1355,"webpack/file-loader",7387,1,"2016-09-01 00:00:00"
"1356",1356,"webpack/file-loader",6308.8,5,"2016-10-01 00:00:00"
"1357",1357,"webpack/file-loader",4921.5,2,"2016-11-01 00:00:00"
"1358",1358,"webpack/file-loader",4818,2,"2016-12-01 00:00:00"
"1359",1359,"webpack/file-loader",3332.5,2,"2017-01-01 00:00:00"
"1360",1360,"webpack/file-loader",2023.5,4,"2017-02-01 00:00:00"
"1361",1361,"webpack/file-loader",2277.12,8,"2017-03-01 00:00:00"
"1362",1362,"webpack/file-loader",746.071,14,"2017-04-01 00:00:00"
"1363",1363,"webpack/file-loader",659.4,5,"2017-05-01 00:00:00"
"1364",1364,"webpack/file-loader",189.5,10,"2017-06-01 00:00:00"
"1365",1365,"webpack/file-loader",2.5,2,"2017-07-01 00:00:00"
"1366",1366,"webpack/file-loader",13.3333,3,"2017-08-01 00:00:00"
"1367",1367,"webpack/file-loader",NA,0,"2017-09-01 00:00:00"
"1368",1368,"webpack/file-loader",NA,0,"2017-10-01 00:00:00"
"1369",1369,"webpack/html-loader",2063,4,"2015-12-01 00:00:00"
"1370",1370,"webpack/html-loader",3736,3,"2016-01-01 00:00:00"
"1371",1371,"webpack/html-loader",4302.25,4,"2016-02-01 00:00:00"
"1372",1372,"webpack/html-loader",2358,2,"2016-03-01 00:00:00"
"1373",1373,"webpack/html-loader",3509,2,"2016-04-01 00:00:00"
"1374",1374,"webpack/html-loader",3399.5,2,"2016-05-01 00:00:00"
"1375",1375,"webpack/html-loader",6184,1,"2016-06-01 00:00:00"
"1376",1376,"webpack/html-loader",55.1667,12,"2016-07-01 00:00:00"
"1377",1377,"webpack/html-loader",182,3,"2016-08-01 00:00:00"
"1378",1378,"webpack/html-loader",994.2,5,"2016-09-01 00:00:00"
"1379",1379,"webpack/html-loader",1447.67,3,"2016-10-01 00:00:00"
"1380",1380,"webpack/html-loader",1183.38,8,"2016-11-01 00:00:00"
"1381",1381,"webpack/html-loader",944,2,"2016-12-01 00:00:00"
"1382",1382,"webpack/html-loader",0,1,"2017-01-01 00:00:00"
"1383",1383,"webpack/html-loader",84.6,5,"2017-02-01 00:00:00"
"1384",1384,"webpack/html-loader",162.25,4,"2017-03-01 00:00:00"
"1385",1385,"webpack/html-loader",1,1,"2017-04-01 00:00:00"
"1386",1386,"webpack/html-loader",0,1,"2017-05-01 00:00:00"
"1387",1387,"webpack/html-loader",288,1,"2017-06-01 00:00:00"
"1388",1388,"webpack/karma-webpack",3193.83,6,"2015-11-01 00:00:00"
"1389",1389,"webpack/karma-webpack",6152.5,4,"2015-12-01 00:00:00"
"1390",1390,"webpack/karma-webpack",3078,3,"2016-01-01 00:00:00"
"1391",1391,"webpack/karma-webpack",1695.67,3,"2016-02-01 00:00:00"
"1392",1392,"webpack/karma-webpack",2967.75,4,"2016-03-01 00:00:00"
"1393",1393,"webpack/karma-webpack",2557.67,3,"2016-04-01 00:00:00"
"1394",1394,"webpack/karma-webpack",1782.33,6,"2016-05-01 00:00:00"
"1395",1395,"webpack/karma-webpack",1024,4,"2016-06-01 00:00:00"
"1396",1396,"webpack/karma-webpack",380.045,22,"2016-07-01 00:00:00"
"1397",1397,"webpack/karma-webpack",185.071,14,"2016-08-01 00:00:00"
"1398",1398,"webpack/karma-webpack",698,3,"2016-09-01 00:00:00"
"1399",1399,"webpack/karma-webpack",285.333,3,"2016-10-01 00:00:00"
"1400",1400,"webpack/karma-webpack",216,2,"2016-11-01 00:00:00"
"1401",1401,"webpack/karma-webpack",243.5,4,"2016-12-01 00:00:00"
"1402",1402,"webpack/karma-webpack",94.9091,22,"2017-01-01 00:00:00"
"1403",1403,"webpack/karma-webpack",458.429,7,"2017-02-01 00:00:00"
"1404",1404,"webpack/karma-webpack",53,4,"2017-03-01 00:00:00"
"1405",1405,"webpack/karma-webpack",NA,0,"2017-04-01 00:00:00"
"1406",1406,"webpack/karma-webpack",NA,0,"2017-05-01 00:00:00"
"1407",1407,"webpack/webpack-dev-server",6131,3,"2015-12-01 00:00:00"
"1408",1408,"webpack/webpack-dev-server",5301.2,5,"2016-01-01 00:00:00"
"1409",1409,"webpack/webpack-dev-server",911.5,2,"2016-02-01 00:00:00"
"1410",1410,"webpack/webpack-dev-server",4204.5,2,"2016-03-01 00:00:00"
"1411",1411,"webpack/webpack-dev-server",3035.5,2,"2016-04-01 00:00:00"
"1412",1412,"webpack/webpack-dev-server",1916.67,3,"2016-05-01 00:00:00"
"1413",1413,"webpack/webpack-dev-server",NA,0,"2016-06-01 00:00:00"
"1414",1414,"webpack/webpack-dev-server",923,3,"2016-07-01 00:00:00"
"1415",1415,"webpack/webpack-dev-server",1218.8,5,"2016-08-01 00:00:00"
"1416",1416,"webpack/webpack-dev-server",2.5,2,"2016-09-01 00:00:00"
"1417",1417,"webpack/webpack-dev-server",NA,0,"2016-10-01 00:00:00"
"1418",1418,"webpack/webpack-dev-server",NA,0,"2016-11-01 00:00:00"
"1419",1419,"webpack/webpack-dev-server",272,2,"2016-12-01 00:00:00"
"1420",1420,"webpack/webpack-dev-server",3374.38,8,"2017-01-01 00:00:00"
"1421",1421,"webpack/webpack-dev-server",3705.5,10,"2017-02-01 00:00:00"
"1422",1422,"webpack/webpack-dev-server",2440.57,14,"2017-03-01 00:00:00"
"1423",1423,"webpack/webpack-dev-server",1460.89,27,"2017-04-01 00:00:00"
"1424",1424,"webpack/webpack-dev-server",1259.04,26,"2017-05-01 00:00:00"
"1425",1425,"webpack/webpack-dev-server",735.829,35,"2017-06-01 00:00:00"
"1426",1426,"wprl/baucis",8384.33,3,"2013-12-01 00:00:00"
"1427",1427,"wprl/baucis",954.667,3,"2014-01-01 00:00:00"
"1428",1428,"wprl/baucis",10724,1,"2014-02-01 00:00:00"
"1429",1429,"wprl/baucis",11439.5,2,"2014-03-01 00:00:00"
"1430",1430,"wprl/baucis",10574.9,7,"2014-04-01 00:00:00"
"1431",1431,"wprl/baucis",5726,7,"2014-05-01 00:00:00"
"1432",1432,"wprl/baucis",1271.67,9,"2014-06-01 00:00:00"
"1433",1433,"wprl/baucis",2496.5,4,"2014-07-01 00:00:00"
"1434",1434,"wprl/baucis",5131.17,6,"2014-08-01 00:00:00"
"1435",1435,"wprl/baucis",4293.4,5,"2014-09-01 00:00:00"
"1436",1436,"wprl/baucis",3,2,"2014-10-01 00:00:00"
"1437",1437,"wprl/baucis",1389,3,"2014-11-01 00:00:00"
"1438",1438,"wprl/baucis",18.5,2,"2014-12-01 00:00:00"
"1439",1439,"wprl/baucis",513,4,"2015-01-01 00:00:00"
"1440",1440,"wprl/baucis",812.333,6,"2015-02-01 00:00:00"
"1441",1441,"wprl/baucis",315.111,9,"2015-03-01 00:00:00"
"1442",1442,"wprl/baucis",316.1,10,"2015-04-01 00:00:00"
"1443",1443,"wprl/baucis",2185.7,10,"2015-05-01 00:00:00"
"1444",1444,"wprl/baucis",2429.92,12,"2015-06-01 00:00:00"
